"","group","user_login","primary_group"
"1","Blitz the Gap","a_dumas","Blitz the Gap"
"2","Blitz the Gap","a_mammal","Blitz the Gap"
"3","Blitz the Gap","aaronveale","Blitz the Gap"
"4","Blitz the Gap","aazide","Blitz the Gap"
"5","Blitz the Gap","abbyhyde","BC Biodiversity 2025 Team"
"6","Blitz the Gap","adam_kalab","Blitz the Gap"
"7","Blitz the Gap","adamwargon","Blitz the Gap"
"8","Blitz the Gap","adhd_gremlin","Blitz the Gap"
"9","Blitz the Gap","aegolius99","Blitz the Gap"
"10","Blitz the Gap","agigeroff","Blitz the Gap"
"11","Blitz the Gap","aiva","GCB Grantees"
"12","Blitz the Gap","ajones_mcgill","QCBS Grantees"
"13","Blitz the Gap","ajphip","Blitz the Gap"
"14","Blitz the Gap","alain49251","Blitz the Gap"
"15","Blitz the Gap","alex1702","Blitz the Gap"
"16","Blitz the Gap","alexlapierre","Blitz the Gap"
"17","Blitz the Gap","alexpitch1","Blitz the Gap"
"18","Blitz the Gap","alexvpace","Blitz the Gap"
"19","Blitz the Gap","allanf","Blitz the Gap"
"20","Blitz the Gap","allison300","Blitz the Gap"
"21","Blitz the Gap","amberstjames","Blitz the Gap"
"22","Blitz the Gap","amyfrostwicks","Blitz the Gap"
"23","Blitz the Gap","andreasara","Blitz the Gap"
"24","Blitz the Gap","andrewcreese","Blitz the Gap"
"25","Blitz the Gap","angelamac","Blitz the Gap"
"26","Blitz the Gap","ann2023","Blitz the Gap"
"27","Blitz the Gap","anna_elkins","Blitz the Gap"
"28","Blitz the Gap","annaananas","Blitz the Gap"
"29","Blitz the Gap","annabel_w","Blitz the Gap"
"30","Blitz the Gap","annaoflynn","Blitz the Gap"
"31","Blitz the Gap","anthonyzerafa","Blitz the Gap"
"32","Blitz the Gap","aparshyn","Blitz the Gap"
"33","Blitz the Gap","april-kr","Blitz the Gap"
"34","Blitz the Gap","aquatark","Blitz the Gap"
"35","Blitz the Gap","ariane113","Blitz the Gap"
"36","Blitz the Gap","arthrowepoda","Blitz the Gap"
"37","Blitz the Gap","arthur_ab_frogman","Blitz the Gap"
"38","Blitz the Gap","ash_uma","Blitz the Gap"
"39","Blitz the Gap","ashleyferns","Blitz the Gap"
"40","Blitz the Gap","atl_nature_2022","Blitz the Gap"
"41","Blitz the Gap","audrey346","Blitz the Gap"
"42","Blitz the Gap","audreylemay","Blitz the Gap"
"43","Blitz the Gap","azemax","Blitz the Gap"
"44","Blitz the Gap","bclarkston","Blitz the Gap"
"45","Blitz the Gap","beckeril","Blitz the Gap"
"46","Blitz the Gap","beespeaker","Blitz the Gap"
"47","Blitz the Gap","beetlejuiced","Blitz the Gap"
"48","Blitz the Gap","bentleycolwill","Blitz the Gap"
"49","Blitz the Gap","bevwigney","Blitz the Gap"
"50","Blitz the Gap","bigguysullivan","Blitz the Gap"
"51","Blitz the Gap","bigweld","Blitz the Gap"
"52","Blitz the Gap","biophiliabc","Blitz the Gap"
"53","Blitz the Gap","blakeweis","Blitz the Gap"
"54","Blitz the Gap","bminion03","Blitz the Gap"
"55","Blitz the Gap","bo_curtis_","Blitz the Gap"
"56","Blitz the Gap","bobl2","Blitz the Gap"
"57","Blitz the Gap","bobmcd","Blitz the Gap"
"58","Blitz the Gap","boneslikesbirds","Blitz the Gap"
"59","Blitz the Gap","bretta79","Blitz the Gap"
"60","Blitz the Gap","brogan_stewart","QCBS Grantees"
"61","Blitz the Gap","bstarzomski","BC Biodiversity 2025 Team"
"62","Blitz the Gap","bugsnslugs","Blitz the Gap"
"63","Blitz the Gap","c_harper_ott","Blitz the Gap"
"64","Blitz the Gap","c_omelon","Blitz the Gap"
"65","Blitz the Gap","caffeyian","Blitz the Gap"
"66","Blitz the Gap","calebcatto","Blitz the Gap"
"67","Blitz the Gap","camdiaz","Blitz the Gap"
"68","Blitz the Gap","camgb","Blitz the Gap"
"69","Blitz the Gap","carterdorscht","Blitz the Gap"
"70","Blitz the Gap","cascadian","Blitz the Gap"
"71","Blitz the Gap","cassidybest","BC Biodiversity 2025 Team"
"72","Blitz the Gap","cassiia","Blitz the Gap"
"73","Blitz the Gap","cathalle","Blitz the Gap"
"74","Blitz the Gap","cdvbrown","Blitz the Gap"
"75","Blitz the Gap","cecropiabmantis","Blitz the Gap"
"76","Blitz the Gap","ceebee1111","Blitz the Gap"
"77","Blitz the Gap","centibead","Blitz the Gap"
"78","Blitz the Gap","cerys_just_cerys","Blitz the Gap"
"79","Blitz the Gap","charles18686","Blitz the Gap"
"80","Blitz the Gap","charles35093","Blitz the Gap"
"81","Blitz the Gap","charlottegalloway","Blitz the Gap"
"82","Blitz the Gap","cherubin","Blitz the Gap"
"83","Blitz the Gap","chickadia","Blitz the Gap"
"84","Blitz the Gap","chlorophyllia","Blitz the Gap"
"85","Blitz the Gap","chrisdelacampagne","Blitz the Gap"
"86","Blitz the Gap","clara_casabona","Blitz the Gap"
"87","Blitz the Gap","colindjones","Blitz the Gap"
"88","Blitz the Gap","cookieq","Blitz the Gap"
"89","Blitz the Gap","corinne-du-lac-rond","Blitz the Gap"
"90","Blitz the Gap","cotinga","Blitz the Gap"
"91","Blitz the Gap","couldbecalliope","Blitz the Gap"
"92","Blitz the Gap","cr99","Blitz the Gap"
"93","Blitz the Gap","criquette1","Blitz the Gap"
"94","Blitz the Gap","crobillard","Blitz the Gap"
"95","Blitz the Gap","csdallstream","QCBS Grantees"
"96","Blitz the Gap","danman223","Blitz the Gap"
"97","Blitz the Gap","darrenkirby","Blitz the Gap"
"98","Blitz the Gap","daustin1","Blitz the Gap"
"99","Blitz the Gap","davia3","Blitz the Gap"
"100","Blitz the Gap","davidadair1","Blitz the Gap"
"101","Blitz the Gap","davidagahunt","Blitz the Gap"
"102","Blitz the Gap","dbmcc09","Blitz the Gap"
"103","Blitz the Gap","dcaron","Blitz the Gap"
"104","Blitz the Gap","delaneymc2","Blitz the Gap"
"105","Blitz the Gap","delphine86132","Blitz the Gap"
"106","Blitz the Gap","dg653","Blitz the Gap"
"107","Blitz the Gap","dhgadd","Blitz the Gap"
"108","Blitz the Gap","diane_srivastava","Blitz the Gap"
"109","Blitz the Gap","dmschock","Blitz the Gap"
"110","Blitz the Gap","docdez","Blitz the Gap"
"111","Blitz the Gap","donaldasutherland","Blitz the Gap"
"112","Blitz the Gap","doviende","Blitz the Gap"
"113","Blitz the Gap","earley_bird","BC Biodiversity 2025 Team"
"114","Blitz the Gap","ecampbell_","Blitz the Gap"
"115","Blitz the Gap","edespland","QCBS Grantees"
"116","Blitz the Gap","ehessels","Blitz the Gap"
"117","Blitz the Gap","elaine96838","Blitz the Gap"
"118","Blitz the Gap","elgonmab","Blitz the Gap"
"119","Blitz the Gap","eli8056","Blitz the Gap"
"120","Blitz the Gap","eli_duke","Blitz the Gap"
"121","Blitz the Gap","elizabeth138","Blitz the Gap"
"122","Blitz the Gap","elizabethcazeault","Blitz the Gap"
"123","Blitz the Gap","ellegreta","Blitz the Gap"
"124","Blitz the Gap","elliofthenorth","Blitz the Gap"
"125","Blitz the Gap","eloraa","BC Biodiversity 2025 Team"
"126","Blitz the Gap","emican","Blitz the Gap"
"127","Blitz the Gap","emilieidion","Blitz the Gap"
"128","Blitz the Gap","emilypalah","Blitz the Gap"
"129","Blitz the Gap","eniola30","Blitz the Gap"
"130","Blitz the Gap","enspring","BC Biodiversity"
"131","Blitz the Gap","ericao","Blitz the Gap"
"132","Blitz the Gap","erikoaizawa","Blitz the Gap"
"133","Blitz the Gap","eroger","Blitz the Gap"
"134","Blitz the Gap","errosorbus","Blitz the Gap"
"135","Blitz the Gap","etuz","Blitz the Gap"
"136","Blitz the Gap","eva_ruth","Blitz the Gap"
"137","Blitz the Gap","eve20219","Blitz the Gap"
"138","Blitz the Gap","everobinson","Blitz the Gap"
"139","Blitz the Gap","eyes19985","Blitz the Gap"
"140","Blitz the Gap","eyes2","Blitz the Gap"
"141","Blitz the Gap","eyes3","Blitz the Gap"
"142","Blitz the Gap","eyes4","Blitz the Gap"
"143","Blitz the Gap","eyes5","Blitz the Gap"
"144","Blitz the Gap","eyes6","Blitz the Gap"
"145","Blitz the Gap","eyes7","Blitz the Gap"
"146","Blitz the Gap","eyes8","Blitz the Gap"
"147","Blitz the Gap","fariz_ahmadov","Blitz the Gap"
"148","Blitz the Gap","five_lined","Blitz the Gap"
"149","Blitz the Gap","fmathieu0069","Blitz the Gap"
"150","Blitz the Gap","fmmorgan26","Blitz the Gap"
"151","Blitz the Gap","forestcatboynom","Blitz the Gap"
"152","Blitz the Gap","fredisoutside","Blitz the Gap"
"153","Blitz the Gap","friesen5000","Blitz the Gap"
"154","Blitz the Gap","frogspotter","Blitz the Gap"
"155","Blitz the Gap","frostfox","Blitz the Gap"
"156","Blitz the Gap","frousseu","Blitz the Gap"
"157","Blitz the Gap","gab_bibeau","Blitz the Gap"
"158","Blitz the Gap","gabrielle182","Blitz the Gap"
"159","Blitz the Gap","gardenspade13","Blitz the Gap"
"160","Blitz the Gap","gary-james","Blitz the Gap"
"161","Blitz the Gap","gatonauto","Blitz the Gap"
"162","Blitz the Gap","gendgrr","Blitz the Gap"
"163","Blitz the Gap","genevieveboudreau","Blitz the Gap"
"164","Blitz the Gap","georginat","Blitz the Gap"
"165","Blitz the Gap","ggraydon","Blitz the Gap"
"166","Blitz the Gap","gilpaul","Blitz the Gap"
"167","Blitz the Gap","giulia_butera","Blitz the Gap"
"168","Blitz the Gap","glaroc","Blitz the Gap"
"169","Blitz the Gap","gonzandrew","Blitz the Gap"
"170","Blitz the Gap","gottacatchenall","QCBS Grantees"
"171","Blitz the Gap","grapefruits14","Blitz the Gap"
"172","Blitz the Gap","grenouillesue","Blitz the Gap"
"173","Blitz the Gap","gtrottier","Blitz the Gap"
"174","Blitz the Gap","guillaumer1","Blitz the Gap"
"175","Blitz the Gap","gyoo1","Blitz the Gap"
"176","Blitz the Gap","halifax_ingrid","Blitz the Gap"
"177","Blitz the Gap","hannadv","Blitz the Gap"
"178","Blitz the Gap","hawkbander","Blitz the Gap"
"179","Blitz the Gap","hazard2322","Blitz the Gap"
"180","Blitz the Gap","heatherpickard","Blitz the Gap"
"181","Blitz the Gap","hipstermama","Blitz the Gap"
"182","Blitz the Gap","hobbiesera","Blitz the Gap"
"183","Blitz the Gap","hproctor","Blitz the Gap"
"184","Blitz the Gap","huwalu_ka_using","Blitz the Gap"
"185","Blitz the Gap","i_henderson_404","Blitz the Gap"
"186","Blitz the Gap","iadams","Blitz the Gap"
"187","Blitz the Gap","ianmanning","Blitz the Gap"
"188","Blitz the Gap","imsarfaroz","Blitz the Gap"
"189","Blitz the Gap","inatter","Blitz the Gap"
"190","Blitz the Gap","inaturalist-l4nhu","Blitz the Gap"
"191","Blitz the Gap","inhalethewild","Blitz the Gap"
"192","Blitz the Gap","iodanem","Blitz the Gap"
"193","Blitz the Gap","irisduvivier","QCBS Grantees"
"194","Blitz the Gap","isabelle3f","Blitz the Gap"
"195","Blitz the Gap","islandgirl68","Blitz the Gap"
"196","Blitz the Gap","islandnaturetrust","Blitz the Gap"
"197","Blitz the Gap","jackbattle6","Blitz the Gap"
"198","Blitz the Gap","jaegerpilot","Blitz the Gap"
"199","Blitz the Gap","jamie17015","Blitz the Gap"
"200","Blitz the Gap","jaserrano16","QCBS Grantees"
"201","Blitz the Gap","jasminleduc","Blitz the Gap"
"202","Blitz the Gap","jason_miller","Blitz the Gap"
"203","Blitz the Gap","jasonheadley","BC Biodiversity"
"204","Blitz the Gap","jennharrison","Blitz the Gap"
"205","Blitz the Gap","jeremy38383","Blitz the Gap"
"206","Blitz the Gap","jessiemayes","Blitz the Gap"
"207","Blitz the Gap","jgupt040","QCBS Grantees"
"208","Blitz the Gap","jmclatchie","Blitz the Gap"
"209","Blitz the Gap","joanseptembre","Blitz the Gap"
"210","Blitz the Gap","johndreynolds","BC Biodiversity 2025 Team"
"211","Blitz the Gap","jollygoodyellow","Blitz the Gap"
"212","Blitz the Gap","jonathanbrassard","Blitz the Gap"
"213","Blitz the Gap","josh_lee","Blitz the Gap"
"214","Blitz the Gap","jphild","Blitz the Gap"
"215","Blitz the Gap","julie-soleil","Blitz the Gap"
"216","Blitz the Gap","juliettebarbeau","Blitz the Gap"
"217","Blitz the Gap","juney55","Blitz the Gap"
"218","Blitz the Gap","justinchans","GCB Grantees"
"219","Blitz the Gap","jvamosi","Blitz the Gap"
"220","Blitz the Gap","kai151","Blitz the Gap"
"221","Blitz the Gap","karen_smith","Blitz the Gap"
"222","Blitz the Gap","karolanegb","Blitz the Gap"
"223","Blitz the Gap","karuquebec","Blitz the Gap"
"224","Blitz the Gap","katecreates73","Blitz the Gap"
"225","Blitz the Gap","katerinacoveny","Blitz the Gap"
"226","Blitz the Gap","katherinehebert","QCBS Grantees"
"227","Blitz the Gap","katiab","Blitz the Gap"
"228","Blitz the Gap","katiaforgues","Blitz the Gap"
"229","Blitz the Gap","katlinpk","Blitz the Gap"
"230","Blitz the Gap","katwhowanders","Blitz the Gap"
"231","Blitz the Gap","kaylatee","Blitz the Gap"
"232","Blitz the Gap","kayleebusniuk","Blitz the Gap"
"233","Blitz the Gap","kayleybreslin","Blitz the Gap"
"234","Blitz the Gap","keeker","Blitz the Gap"
"235","Blitz the Gap","kelsiei","Blitz the Gap"
"236","Blitz the Gap","kennedy_zw","Blitz the Gap"
"237","Blitz the Gap","kgreenhow","Blitz the Gap"
"238","Blitz the Gap","kim_barrett","Blitz the Gap"
"239","Blitz the Gap","kirstynleighe","Blitz the Gap"
"240","Blitz the Gap","kiyaryar","Blitz the Gap"
"241","Blitz the Gap","kmfret","BC Biodiversity"
"242","Blitz the Gap","kris_elle","Blitz the Gap"
"243","Blitz the Gap","kristin_olson_","Blitz the Gap"
"244","Blitz the Gap","kristinpiston","Blitz the Gap"
"245","Blitz the Gap","krys_lenek","Blitz the Gap"
"246","Blitz the Gap","kyleholloway","Blitz the Gap"
"247","Blitz the Gap","labradorbirdie97","Blitz the Gap"
"248","Blitz the Gap","lafly","Blitz the Gap"
"249","Blitz the Gap","lajosy","Blitz the Gap"
"250","Blitz the Gap","laserarch","Blitz the Gap"
"251","Blitz the Gap","laszlocserhazi","Blitz the Gap"
"252","Blitz the Gap","laurabee44","Blitz the Gap"
"253","Blitz the Gap","lauraj_rl","QCBS Grantees"
"254","Blitz the Gap","laurence39619","Blitz the Gap"
"255","Blitz the Gap","lbistritz","Blitz the Gap"
"256","Blitz the Gap","ldbogan","Blitz the Gap"
"257","Blitz the Gap","leafystars","Blitz the Gap"
"258","Blitz the Gap","leah","Blitz the Gap"
"259","Blitz the Gap","leannetamara","Blitz the Gap"
"260","Blitz the Gap","leeyanagpal","Blitz the Gap"
"261","Blitz the Gap","leighton_r_king","QCBS Grantees"
"262","Blitz the Gap","lenachiasson","BC Biodiversity"
"263","Blitz the Gap","lgalerio","Blitz the Gap"
"264","Blitz the Gap","liambren","Blitz the Gap"
"265","Blitz the Gap","liamragan","Blitz the Gap"
"266","Blitz the Gap","liamsteele","Blitz the Gap"
"267","Blitz the Gap","lillietsontrip","Blitz the Gap"
"268","Blitz the Gap","lindot96","Blitz the Gap"
"269","Blitz the Gap","lissa_d","Blitz the Gap"
"270","Blitz the Gap","lissettefwright","Blitz the Gap"
"271","Blitz the Gap","lithobates","Blitz the Gap"
"272","Blitz the Gap","liz903","Blitz the Gap"
"273","Blitz the Gap","lj_mcleod","Blitz the Gap"
"274","Blitz the Gap","ljmack","Blitz the Gap"
"275","Blitz the Gap","loh39528","Blitz the Gap"
"276","Blitz the Gap","lordallen","Blitz the Gap"
"277","Blitz the Gap","lucaseckert","QCBS Grantees"
"278","Blitz the Gap","lucopatts","Blitz the Gap"
"279","Blitz the Gap","ludweis","Blitz the Gap"
"280","Blitz the Gap","lukasvr","Blitz the Gap"
"281","Blitz the Gap","lynn777","Blitz the Gap"
"282","Blitz the Gap","lysandra","Blitz the Gap"
"283","Blitz the Gap","lytiic","Blitz the Gap"
"284","Blitz the Gap","m_demargot","Blitz the Gap"
"285","Blitz the Gap","machaut2","Blitz the Gap"
"286","Blitz the Gap","maddyinthenorth","Blitz the Gap"
"287","Blitz the Gap","maggielaura","Blitz the Gap"
"288","Blitz the Gap","mahajaja","Blitz the Gap"
"289","Blitz the Gap","maho2","Blitz the Gap"
"290","Blitz the Gap","manta1990","QCBS Grantees"
"291","Blitz the Gap","marc89575","Blitz the Gap"
"292","Blitz the Gap","marcel_pepin","Blitz the Gap"
"293","Blitz the Gap","marcolivierbeausoleil","Blitz the Gap"
"294","Blitz the Gap","margopatrick","Blitz the Gap"
"295","Blitz the Gap","mariakur","Blitz the Gap"
"296","Blitz the Gap","marianneval","Blitz the Gap"
"297","Blitz the Gap","marilynebdubois","Blitz the Gap"
"298","Blitz the Gap","marjolaine_turcotte","Blitz the Gap"
"299","Blitz the Gap","mark_oxamitny","Blitz the Gap"
"300","Blitz the Gap","marlene-d","Blitz the Gap"
"301","Blitz the Gap","martine_lapointe","Blitz the Gap"
"302","Blitz the Gap","marykrieger","Blitz the Gap"
"303","Blitz the Gap","mathieu_beaudin","Blitz the Gap"
"304","Blitz the Gap","matthew1449","Blitz the Gap"
"305","Blitz the Gap","matthewes","Blitz the Gap"
"306","Blitz the Gap","maxencepj91","Blitz the Gap"
"307","Blitz the Gap","mbuck58","Blitz the Gap"
"308","Blitz the Gap","megan_blackmore","Blitz the Gap"
"309","Blitz the Gap","meghannich81","Blitz the Gap"
"310","Blitz the Gap","meliameadow","Blitz the Gap"
"311","Blitz the Gap","melindafae","Blitz the Gap"
"312","Blitz the Gap","mgaut33","QCBS Grantees"
"313","Blitz the Gap","mgshepard","Blitz the Gap"
"314","Blitz the Gap","mica_athayde","Blitz the Gap"
"315","Blitz the Gap","michaelgemmell","Blitz the Gap"
"316","Blitz the Gap","michegros","QCBS Grantees"
"317","Blitz the Gap","michelletseng","Blitz the Gap"
"318","Blitz the Gap","mightybushkin","Blitz the Gap"
"319","Blitz the Gap","minmintong","Blitz the Gap"
"320","Blitz the Gap","mjalbert","Blitz the Gap"
"321","Blitz the Gap","mjousse","QCBS Grantees"
"322","Blitz the Gap","mlitcanu","Blitz the Gap"
"323","Blitz the Gap","mnbc","Blitz the Gap"
"324","Blitz the Gap","mogleydogley","Blitz the Gap"
"325","Blitz the Gap","monikafischer","Blitz the Gap"
"326","Blitz the Gap","morgane_13","Blitz the Gap"
"327","Blitz the Gap","morphie","Blitz the Gap"
"328","Blitz the Gap","moth-whisper","Blitz the Gap"
"329","Blitz the Gap","motherunrau","Blitz the Gap"
"330","Blitz the Gap","mpenner03","Blitz the Gap"
"331","Blitz the Gap","mrsfitz88","Blitz the Gap"
"332","Blitz the Gap","mrsgeok","Blitz the Gap"
"333","Blitz the Gap","msdharrrr_theexplorer","Blitz the Gap"
"334","Blitz the Gap","mvmacdonald","Blitz the Gap"
"335","Blitz the Gap","mws","Blitz the Gap"
"336","Blitz the Gap","mycocentriq","Blitz the Gap"
"337","Blitz the Gap","mylegsareitchy","Blitz the Gap"
"338","Blitz the Gap","naomi_meed","Blitz the Gap"
"339","Blitz the Gap","natamarack","Blitz the Gap"
"340","Blitz the Gap","natbrightstar","Blitz the Gap"
"341","Blitz the Gap","naturalistcait","Blitz the Gap"
"342","Blitz the Gap","nature_snoop","Blitz the Gap"
"343","Blitz the Gap","naturenb","Blitz the Gap"
"344","Blitz the Gap","naturesbackpack","Blitz the Gap"
"345","Blitz the Gap","nbdragonflyguy","Blitz the Gap"
"346","Blitz the Gap","nbeaudoin","Blitz the Gap"
"347","Blitz the Gap","nbore","Blitz the Gap"
"348","Blitz the Gap","newta","Blitz the Gap"
"349","Blitz the Gap","ngoomie","Blitz the Gap"
"350","Blitz the Gap","nicole_moore","QCBS Grantees"
"351","Blitz the Gap","ninabobina","QCBS Grantees"
"352","Blitz the Gap","njahi","Blitz the Gap"
"353","Blitz the Gap","nkester","Blitz the Gap"
"354","Blitz the Gap","nluymes","Blitz the Gap"
"355","Blitz the Gap","nn4ever","Blitz the Gap"
"356","Blitz the Gap","noah_bl","Blitz the Gap"
"357","Blitz the Gap","noahwightman","QCBS Grantees"
"358","Blitz the Gap","noammarkus","Blitz the Gap"
"359","Blitz the Gap","northross","Blitz the Gap"
"360","Blitz the Gap","observationpowers","Blitz the Gap"
"361","Blitz the Gap","oldtrees","Blitz the Gap"
"362","Blitz the Gap","olivia_ds","Blitz the Gap"
"363","Blitz the Gap","olivier_lang","Blitz the Gap"
"364","Blitz the Gap","paddy2022","Blitz the Gap"
"365","Blitz the Gap","pamela_wood","Blitz the Gap"
"366","Blitz the Gap","partfrog","Blitz the Gap"
"367","Blitz the Gap","paulrfoth","Blitz the Gap"
"368","Blitz the Gap","pepe-braga","Blitz the Gap"
"369","Blitz the Gap","peterfuller","Blitz the Gap"
"370","Blitz the Gap","petersoroye","Blitz the Gap"
"371","Blitz the Gap","philippe_martin_daguet","Blitz the Gap"
"372","Blitz the Gap","pierrax","Blitz the Gap"
"373","Blitz the Gap","pinch","Blitz the Gap"
"374","Blitz the Gap","pipfu","Blitz the Gap"
"375","Blitz the Gap","plantgirl1","Blitz the Gap"
"376","Blitz the Gap","ptit_lezz","Blitz the Gap"
"377","Blitz the Gap","qmulder","Blitz the Gap"
"378","Blitz the Gap","questionable_morels","Blitz the Gap"
"379","Blitz the Gap","r_w_","Blitz the Gap"
"380","Blitz the Gap","rachel19998","Blitz the Gap"
"381","Blitz the Gap","rainwaterredmoon","Blitz the Gap"
"382","Blitz the Gap","rdm-ncb","Blitz the Gap"
"383","Blitz the Gap","rebeccareaderlee","BC Biodiversity"
"384","Blitz the Gap","rebekah_neufeld","Blitz the Gap"
"385","Blitz the Gap","rebelnerd7","Blitz the Gap"
"386","Blitz the Gap","red_bug","Blitz the Gap"
"387","Blitz the Gap","returntoszender","Blitz the Gap"
"388","Blitz the Gap","rgilden","Blitz the Gap"
"389","Blitz the Gap","rgreene","Blitz the Gap"
"390","Blitz the Gap","rhart","Blitz the Gap"
"391","Blitz the Gap","richiebonanza","Blitz the Gap"
"392","Blitz the Gap","richsobel","Blitz the Gap"
"393","Blitz the Gap","rikkiexplore","Blitz the Gap"
"394","Blitz the Gap","rishonav","Blitz the Gap"
"395","Blitz the Gap","rndonley","Blitz the Gap"
"396","Blitz the Gap","rosacgt","Blitz the Gap"
"397","Blitz the Gap","rose2204","Blitz the Gap"
"398","Blitz the Gap","rwilkie1","Blitz the Gap"
"399","Blitz the Gap","ryanhull","Blitz the Gap"
"400","Blitz the Gap","sacoll","Blitz the Gap"
"401","Blitz the Gap","saintaardvark","Blitz the Gap"
"402","Blitz the Gap","sakilen","Blitz the Gap"
"403","Blitz the Gap","salix_scott","Blitz the Gap"
"404","Blitz the Gap","samaramanzin","QCBS Grantees"
"405","Blitz the Gap","samuel618","Blitz the Gap"
"406","Blitz the Gap","samuellesp_cwf","Blitz the Gap"
"407","Blitz the Gap","santiago_ra","Blitz the Gap"
"408","Blitz the Gap","sara-charlotte","Blitz the Gap"
"409","Blitz the Gap","sara_yac","Blitz the Gap"
"410","Blitz the Gap","saskatoonafforestationareasvabos","Blitz the Gap"
"411","Blitz the Gap","sasugden","Blitz the Gap"
"412","Blitz the Gap","sav_vy","Blitz the Gap"
"413","Blitz the Gap","schambo13","Blitz the Gap"
"414","Blitz the Gap","scneill","Blitz the Gap"
"415","Blitz the Gap","scotiaspinner","Blitz the Gap"
"416","Blitz the Gap","sea_hugger","Blitz the Gap"
"417","Blitz the Gap","seanbasquill","Blitz the Gap"
"418","Blitz the Gap","seanvanderluit","Blitz the Gap"
"419","Blitz the Gap","sebas888","Blitz the Gap"
"420","Blitz the Gap","seraphinpoudrier","Blitz the Gap"
"421","Blitz the Gap","sglm","Blitz the Gap"
"422","Blitz the Gap","shirtle","Blitz the Gap"
"423","Blitz the Gap","simon98355","Blitz the Gap"
"424","Blitz the Gap","simonele","Blitz the Gap"
"425","Blitz the Gap","simonjoly","Blitz the Gap"
"426","Blitz the Gap","simonpesant","QCBS Grantees"
"427","Blitz the Gap","skembel","Blitz the Gap"
"428","Blitz the Gap","skycladtrvlr","Blitz the Gap"
"429","Blitz the Gap","smarchie","Blitz the Gap"
"430","Blitz the Gap","smilodonichthys","Blitz the Gap"
"431","Blitz the Gap","sonya_mann","Blitz the Gap"
"432","Blitz the Gap","sophskies","Blitz the Gap"
"433","Blitz the Gap","spencerh17","Blitz the Gap"
"434","Blitz the Gap","splourde88","Blitz the Gap"
"435","Blitz the Gap","srussell13","Blitz the Gap"
"436","Blitz the Gap","sspeer","Blitz the Gap"
"437","Blitz the Gap","sstarkweather","Blitz the Gap"
"438","Blitz the Gap","stasha_lys","Blitz the Gap"
"439","Blitz the Gap","stefan_haag","Blitz the Gap"
"440","Blitz the Gap","stefka44","Blitz the Gap"
"441","Blitz the Gap","stephbrulot","Blitz the Gap"
"442","Blitz the Gap","stephenresearch","Blitz the Gap"
"443","Blitz the Gap","stijn","Blitz the Gap"
"444","Blitz the Gap","suburbanchild","Blitz the Gap"
"445","Blitz the Gap","surprisedpikachu","QCBS Grantees"
"446","Blitz the Gap","svbuck","Blitz the Gap"
"447","Blitz the Gap","swine","Blitz the Gap"
"448","Blitz the Gap","szhang","Blitz the Gap"
"449","Blitz the Gap","tamaramcphail","Blitz the Gap"
"450","Blitz the Gap","tanya310","Blitz the Gap"
"451","Blitz the Gap","tarajeles","Blitz the Gap"
"452","Blitz the Gap","tedii","Blitz the Gap"
"453","Blitz the Gap","teriyakiturtle","Blitz the Gap"
"454","Blitz the Gap","terryfic","Blitz the Gap"
"455","Blitz the Gap","tessaserry","Blitz the Gap"
"456","Blitz the Gap","the_great_jack_a_lope","Blitz the Gap"
"457","Blitz the Gap","theacebookworm","Blitz the Gap"
"458","Blitz the Gap","theangiepie","Blitz the Gap"
"459","Blitz the Gap","theo_fregefond","Blitz the Gap"
"460","Blitz the Gap","therapsid74","Blitz the Gap"
"461","Blitz the Gap","thomasstan_","Blitz the Gap"
"462","Blitz the Gap","tloh2","Blitz the Gap"
"463","Blitz the Gap","tompoleski","Blitz the Gap"
"464","Blitz the Gap","tovihessi","Blitz the Gap"
"465","Blitz the Gap","tracey34","Blitz the Gap"
"466","Blitz the Gap","tycolvin","QCBS Grantees"
"467","Blitz the Gap","upupa-epops","Blitz the Gap"
"468","Blitz the Gap","user182930","Blitz the Gap"
"469","Blitz the Gap","usoihe","Blitz the Gap"
"470","Blitz the Gap","v_dm","Blitz the Gap"
"471","Blitz the Gap","van-nova","Blitz the Gap"
"472","Blitz the Gap","vcbull","Blitz the Gap"
"473","Blitz the Gap","vgagnon","Blitz the Gap"
"474","Blitz the Gap","vhexarex","Blitz the Gap"
"475","Blitz the Gap","victor85","Blitz the Gap"
"476","Blitz the Gap","vincentlaurie","QCBS Grantees"
"477","Blitz the Gap","wconey","Blitz the Gap"
"478","Blitz the Gap","wendyrobins","Blitz the Gap"
"479","Blitz the Gap","wild_things","Blitz the Gap"
"480","Blitz the Gap","windstonefarm","Blitz the Gap"
"481","Blitz the Gap","windsweptguy","Blitz the Gap"
"482","Blitz the Gap","wsmum","Blitz the Gap"
"483","Blitz the Gap","xharliei","Blitz the Gap"
"484","Blitz the Gap","xoabird","Blitz the Gap"
"485","Blitz the Gap","xtopheb","Blitz the Gap"
"486","Blitz the Gap","yanick71646","Blitz the Gap"
"487","Blitz the Gap","yannzhang","Blitz the Gap"
"488","Blitz the Gap","yecatstacey","Blitz the Gap"
"489","Blitz the Gap","ymmjpd","Blitz the Gap"
"490","Blitz the Gap","youngryan9","Blitz the Gap"
"491","Blitz the Gap","yveltal","Blitz the Gap"
"492","Blitz the Gap","yvricard","Blitz the Gap"
"493","Blitz the Gap","zacharymilosmoore","Blitz the Gap"
"494","Blitz the Gap","zacode","Blitz the Gap"
"495","Blitz the Gap","zoe_unruh","Blitz the Gap"
"496","Blitz the Gap","zova","Blitz the Gap"
"497","BC Biodiversity Program","abbyhyde","BC Biodiversity 2025 Team"
"498","BC Biodiversity Program","aiva","GCB Grantees"
"499","BC Biodiversity Program","alisonnorthup","BC Biodiversity"
"500","BC Biodiversity Program","arianne35","BC Biodiversity 2025 Team"
"501","BC Biodiversity Program","beeworldly","BC Biodiversity"
"502","BC Biodiversity Program","bradenjudson","BC Biodiversity 2025 Team"
"503","BC Biodiversity Program","bridgetspencer","BC Biodiversity"
"504","BC Biodiversity Program","bstarzomski","BC Biodiversity 2025 Team"
"505","BC Biodiversity Program","cassidybest","BC Biodiversity 2025 Team"
"506","BC Biodiversity Program","celestekieran","BC Biodiversity"
"507","BC Biodiversity Program","chrisfluit","BC Biodiversity 2025 Team"
"508","BC Biodiversity Program","cwardrop","BC Biodiversity 2025 Team"
"509","BC Biodiversity Program","dbltucker","BC Biodiversity 2025 Team"
"510","BC Biodiversity Program","earley_bird","BC Biodiversity 2025 Team"
"511","BC Biodiversity Program","ejpendray","BC Biodiversity"
"512","BC Biodiversity Program","ellyne","BC Biodiversity"
"513","BC Biodiversity Program","eloraa","BC Biodiversity 2025 Team"
"514","BC Biodiversity Program","enspring","BC Biodiversity"
"515","BC Biodiversity Program","eullstrom","BC Biodiversity"
"516","BC Biodiversity Program","fmcghee","BC Biodiversity"
"517","BC Biodiversity Program","genevievereynolds","BC Biodiversity"
"518","BC Biodiversity Program","hydaticus","BC Biodiversity"
"519","BC Biodiversity Program","jasonheadley","BC Biodiversity"
"520","BC Biodiversity Program","jbindernagel","BC Biodiversity 2025 Team"
"521","BC Biodiversity Program","johndreynolds","BC Biodiversity 2025 Team"
"522","BC Biodiversity Program","juliakcarr","BC Biodiversity"
"523","BC Biodiversity Program","justinchans","GCB Grantees"
"524","BC Biodiversity Program","katemckeown","BC Biodiversity"
"525","BC Biodiversity Program","katiekushneryk","BC Biodiversity"
"526","BC Biodiversity Program","kg-","BC Biodiversity"
"527","BC Biodiversity Program","kmfret","BC Biodiversity"
"528","BC Biodiversity Program","lenachiasson","BC Biodiversity"
"529","BC Biodiversity Program","mmund","GCB Grantees"
"530","BC Biodiversity Program","quillipede","BC Biodiversity 2025 Team"
"531","BC Biodiversity Program","rambryum","BC Biodiversity 2025 Team"
"532","BC Biodiversity Program","rebeccareaderlee","BC Biodiversity"
"533","BC Biodiversity Program","shanebustapbj","BC Biodiversity"
"534","BC Biodiversity Program","shawnb2","BC Biodiversity 2025 Team"
"535","BC Biodiversity Program","slownature","BC Biodiversity"
"536","BC Biodiversity Program","thomasbarbin","GCB Grantees"
"537","BC Biodiversity Program","thyg","BC Biodiversity"
"538","BC Biodiversity 2025 Team","johndreynolds","BC Biodiversity 2025 Team"
"539","BC Biodiversity 2025 Team","eloraa","BC Biodiversity 2025 Team"
"540","BC Biodiversity 2025 Team","abbyhyde","BC Biodiversity 2025 Team"
"541","BC Biodiversity 2025 Team","jbindernagel","BC Biodiversity 2025 Team"
"542","BC Biodiversity 2025 Team","justinchans","GCB Grantees"
"543","BC Biodiversity 2025 Team","cassidybest","BC Biodiversity 2025 Team"
"544","BC Biodiversity 2025 Team","shawnb2","BC Biodiversity 2025 Team"
"545","BC Biodiversity 2025 Team","quillipede","BC Biodiversity 2025 Team"
"546","BC Biodiversity 2025 Team","bstarzomski","BC Biodiversity 2025 Team"
"547","BC Biodiversity 2025 Team","rambryum","BC Biodiversity 2025 Team"
"548","BC Biodiversity 2025 Team","earley_bird","BC Biodiversity 2025 Team"
"549","BC Biodiversity 2025 Team","chrisfluit","BC Biodiversity 2025 Team"
"550","BC Biodiversity 2025 Team","cwardrop","BC Biodiversity 2025 Team"
"551","BC Biodiversity 2025 Team","bradenjudson","BC Biodiversity 2025 Team"
"552","BC Biodiversity 2025 Team","dbltucker","BC Biodiversity 2025 Team"
"553","BC Biodiversity 2025 Team","arianne35","BC Biodiversity 2025 Team"
"554","QCBS Grantees","ninabobina","QCBS Grantees"
"555","QCBS Grantees","isaaceckert","QCBS Grantees"
"556","QCBS Grantees","laura345","QCBS Grantees"
"557","QCBS Grantees","mgaut33","QCBS Grantees"
"558","QCBS Grantees","fionasoper","QCBS Grantees"
"559","QCBS Grantees","sofiaquijada","QCBS Grantees"
"560","QCBS Grantees","csdallstream","QCBS Grantees"
"561","QCBS Grantees","RachelBuc","QCBS Grantees"
"562","QCBS Grantees","katnelson505","QCBS Grantees"
"563","QCBS Grantees","ana_catarina_avila","QCBS Grantees"
"564","QCBS Grantees","spencer_s","QCBS Grantees"
"565","QCBS Grantees","ericpedersen","QCBS Grantees"
"566","QCBS Grantees","edespland","QCBS Grantees"
"567","QCBS Grantees","amagregz","QCBS Grantees"
"568","QCBS Grantees","sandermg","QCBS Grantees"
"569","QCBS Grantees","surprisedpikachu","QCBS Grantees"
"570","QCBS Grantees","rosa_alicia","QCBS Grantees"
"571","QCBS Grantees","moses41600","QCBS Grantees"
"572","QCBS Grantees","snigdho4241","QCBS Grantees"
"573","QCBS Grantees","brogan_stewart","QCBS Grantees"
"574","QCBS Grantees","mikaelaswildlife","QCBS Grantees"
"575","QCBS Grantees","alex49744","QCBS Grantees"
"576","QCBS Grantees","manta1990","QCBS Grantees"
"577","QCBS Grantees","lauraj_rl","QCBS Grantees"
"578","QCBS Grantees","the_dirtman","QCBS Grantees"
"579","QCBS Grantees","essivi","QCBS Grantees"
"580","QCBS Grantees","karima__lafore","QCBS Grantees"
"581","QCBS Grantees","Gab_bibeau","QCBS Grantees"
"582","QCBS Grantees","canislupusalbus","QCBS Grantees"
"583","QCBS Grantees","Mycocentriq","QCBS Grantees"
"584","QCBS Grantees","MargoMango","QCBS Grantees"
"585","QCBS Grantees","aryanmc","QCBS Grantees"
"586","QCBS Grantees","tycolvin","QCBS Grantees"
"587","QCBS Grantees","veronicagroves","QCBS Grantees"
"588","QCBS Grantees","ivanakomendic","QCBS Grantees"
"589","QCBS Grantees","briellecomartin3","QCBS Grantees"
"590","QCBS Grantees","elacroix-carignan","QCBS Grantees"
"591","QCBS Grantees","letourneau_f","QCBS Grantees"
"592","QCBS Grantees","marc_aurele","QCBS Grantees"
"593","QCBS Grantees","elbourret","QCBS Grantees"
"594","QCBS Grantees","simonpesant","QCBS Grantees"
"595","QCBS Grantees","irisduvivier","QCBS Grantees"
"596","QCBS Grantees","vincentlaurie","QCBS Grantees"
"597","QCBS Grantees","carolebeauchesne","QCBS Grantees"
"598","QCBS Grantees","selenabergeron","QCBS Grantees"
"599","QCBS Grantees","villtom","QCBS Grantees"
"600","QCBS Grantees","marpoulin","QCBS Grantees"
"601","QCBS Grantees","oligirouard","QCBS Grantees"
"602","QCBS Grantees","maurane2","QCBS Grantees"
"603","QCBS Grantees","gottacatchenall","QCBS Grantees"
"604","QCBS Grantees","fbanville","QCBS Grantees"
"605","QCBS Grantees","houlemarianne","QCBS Grantees"
"606","QCBS Grantees","beasley015","QCBS Grantees"
"607","QCBS Grantees","ast-jean","QCBS Grantees"
"608","QCBS Grantees","philippeblier","QCBS Grantees"
"609","QCBS Grantees","gabrielle355","QCBS Grantees"
"610","QCBS Grantees","sabina87533","QCBS Grantees"
"611","QCBS Grantees","nicolascote","QCBS Grantees"
"612","QCBS Grantees","tristankolla","QCBS Grantees"
"613","QCBS Grantees","sam_dizon23","QCBS Grantees"
"614","QCBS Grantees","aassmar","QCBS Grantees"
"615","QCBS Grantees","daoanran","QCBS Grantees"
"616","QCBS Grantees","stephanie_ggn","QCBS Grantees"
"617","QCBS Grantees","ruisiyang","QCBS Grantees"
"618","QCBS Grantees","abrunet27","QCBS Grantees"
"619","QCBS Grantees","mackenzie268","QCBS Grantees"
"620","QCBS Grantees","johaarn","QCBS Grantees"
"621","QCBS Grantees","nieoleyu","QCBS Grantees"
"622","QCBS Grantees","sarki009","QCBS Grantees"
"623","QCBS Grantees","emmasbacon","QCBS Grantees"
"624","QCBS Grantees","otternonsense","QCBS Grantees"
"625","QCBS Grantees","cziter","QCBS Grantees"
"626","QCBS Grantees","ndavidai","QCBS Grantees"
"627","QCBS Grantees","canislupusalbus","QCBS Grantees"
"628","QCBS Grantees","Gab_bibeau","QCBS Grantees"
"629","QCBS Grantees","MargoMango","QCBS Grantees"
"630","QCBS Grantees","talvezpao","QCBS Grantees"
"631","QCBS Grantees","jakealawlor","QCBS Grantees"
"632","QCBS Grantees","nicole_moore","QCBS Grantees"
"633","QCBS Grantees","miguelfelismino","QCBS Grantees"
"634","QCBS Grantees","derek_duplessis","QCBS Grantees"
"635","QCBS Grantees","julia-goss","QCBS Grantees"
"636","QCBS Grantees","raphaelle_houtart","QCBS Grantees"
"637","QCBS Grantees","alexanderlevesque","QCBS Grantees"
"638","QCBS Grantees","jordi_vilanova","QCBS Grantees"
"639","QCBS Grantees","alin47","QCBS Grantees"
"640","QCBS Grantees","carloslopezmanzano","QCBS Grantees"
"641","QCBS Grantees","schmootwo","QCBS Grantees"
"642","QCBS Grantees","biolrodrigoarce","QCBS Grantees"
"643","QCBS Grantees","natasha_letourneau","QCBS Grantees"
"644","QCBS Grantees","gabeagool","QCBS Grantees"
"645","QCBS Grantees","baba_5505","QCBS Grantees"
"646","QCBS Grantees","michegros","QCBS Grantees"
"647","QCBS Grantees","jen28665","QCBS Grantees"
"648","QCBS Grantees","lucascuffaro","QCBS Grantees"
"649","QCBS Grantees","leighton_r_king","QCBS Grantees"
"650","QCBS Grantees","melisandec","QCBS Grantees"
"651","QCBS Grantees","ariitini_bauduin","QCBS Grantees"
"652","QCBS Grantees","sarahcrt","QCBS Grantees"
"653","QCBS Grantees","lucaseckert","QCBS Grantees"
"654","QCBS Grantees","samaramanzin","QCBS Grantees"
"655","QCBS Grantees","mjousse","QCBS Grantees"
"656","QCBS Grantees","noahwightman","QCBS Grantees"
"657","QCBS Grantees","jgupt040","QCBS Grantees"
"658","QCBS Grantees","jaserrano16","QCBS Grantees"
"659","QCBS Grantees","katherinehebert","QCBS Grantees"
"660","GCB Grantees","oridgen10","GCB Grantees"
"661","GCB Grantees","olivier_herlin","GCB Grantees"
"662","GCB Grantees","justinchans","GCB Grantees"
"663","GCB Grantees","thomasbarbin","GCB Grantees"
"664","GCB Grantees","nolanwood","GCB Grantees"
"665","GCB Grantees","dccopley","GCB Grantees"
"666","GCB Grantees","parzudak","GCB Grantees"
"667","GCB Grantees","aiva","GCB Grantees"
"668","GCB Grantees","alyanalalani","GCB Grantees"
"669","GCB Grantees","mmund","GCB Grantees"
"670","GCB Grantees","cwf_max","GCB Grantees"
"671","GCB Grantees","foragerfae13","GCB Grantees"
"672","CWF Bioblitzes","a_mammal","Blitz the Gap"
"673","CWF Bioblitzes","aa_ouin",NA
"674","CWF Bioblitzes","aanyagandhi",NA
"675","CWF Bioblitzes","aaronsafari",NA
"676","CWF Bioblitzes","abbyflather",NA
"677","CWF Bioblitzes","abbyhyde","BC Biodiversity 2025 Team"
"678","CWF Bioblitzes","abelanger27",NA
"679","CWF Bioblitzes","aberriok",NA
"680","CWF Bioblitzes","adam_kalab","Blitz the Gap"
"681","CWF Bioblitzes","adanis",NA
"682","CWF Bioblitzes","adanis",NA
"683","CWF Bioblitzes","addison_04",NA
"684","CWF Bioblitzes","afley",NA
"685","CWF Bioblitzes","agatec",NA
"686","CWF Bioblitzes","agbelliveau",NA
"687","CWF Bioblitzes","aherrrmann",NA
"688","CWF Bioblitzes","aimeehstp",NA
"689","CWF Bioblitzes","aislyn194",NA
"690","CWF Bioblitzes","aiva","GCB Grantees"
"691","CWF Bioblitzes","ajasmine",NA
"692","CWF Bioblitzes","ajcomtois",NA
"693","CWF Bioblitzes","ajphip","Blitz the Gap"
"694","CWF Bioblitzes","akipenser",NA
"695","CWF Bioblitzes","akshat_shah1",NA
"696","CWF Bioblitzes","aleclightwood",NA
"697","CWF Bioblitzes","aleclightwood",NA
"698","CWF Bioblitzes","aleksandermell",NA
"699","CWF Bioblitzes","alexvbiology",NA
"700","CWF Bioblitzes","almondsoda",NA
"701","CWF Bioblitzes","altispinax23",NA
"702","CWF Bioblitzes","alyanalalani","GCB Grantees"
"703","CWF Bioblitzes","alyssiagentile11",NA
"704","CWF Bioblitzes","amaan7",NA
"705","CWF Bioblitzes","amanda_tracy",NA
"706","CWF Bioblitzes","amanda_tracy",NA
"707","CWF Bioblitzes","amazonne",NA
"708","CWF Bioblitzes","amber_mays",NA
"709","CWF Bioblitzes","amelia78384",NA
"710","CWF Bioblitzes","ameliacisnero",NA
"711","CWF Bioblitzes","aminahr",NA
"712","CWF Bioblitzes","ando_jensen",NA
"713","CWF Bioblitzes","andrew225",NA
"714","CWF Bioblitzes","andrew_macdonald2",NA
"715","CWF Bioblitzes","andrew_macdonald2",NA
"716","CWF Bioblitzes","aneeshskumar",NA
"717","CWF Bioblitzes","anfrankel",NA
"718","CWF Bioblitzes","angela85003",NA
"719","CWF Bioblitzes","anibalhcastillo",NA
"720","CWF Bioblitzes","annahumm",NA
"721","CWF Bioblitzes","anneliese-henneberg",NA
"722","CWF Bioblitzes","anneliese-henneberg",NA
"723","CWF Bioblitzes","ansh6829",NA
"724","CWF Bioblitzes","antjevl",NA
"725","CWF Bioblitzes","antymkow",NA
"726","CWF Bioblitzes","aparkhill",NA
"727","CWF Bioblitzes","apoudel1",NA
"728","CWF Bioblitzes","arseniibelosokhov",NA
"729","CWF Bioblitzes","arthur_ab_frogman","Blitz the Gap"
"730","CWF Bioblitzes","ashlea03",NA
"731","CWF Bioblitzes","ashleymugford",NA
"732","CWF Bioblitzes","astandea2",NA
"733","CWF Bioblitzes","atownofsunflowers",NA
"734","CWF Bioblitzes","audrey38403",NA
"735","CWF Bioblitzes","austin_aal",NA
"736","CWF Bioblitzes","avabelrose",NA
"737","CWF Bioblitzes","avswall",NA
"738","CWF Bioblitzes","avswall",NA
"739","CWF Bioblitzes","awri",NA
"740","CWF Bioblitzes","aycoady",NA
"741","CWF Bioblitzes","b2thed",NA
"742","CWF Bioblitzes","babzrobinson",NA
"743","CWF Bioblitzes","balinok",NA
"744","CWF Bioblitzes","barrettmatt",NA
"745","CWF Bioblitzes","bashirm",NA
"746","CWF Bioblitzes","bautistaally",NA
"747","CWF Bioblitzes","bbrake1",NA
"748","CWF Bioblitzes","beekind2trees",NA
"749","CWF Bioblitzes","benna2",NA
"750","CWF Bioblitzes","ber3201",NA
"751","CWF Bioblitzes","bhartsho1",NA
"752","CWF Bioblitzes","biology_girl",NA
"753","CWF Bioblitzes","birbiri",NA
"754","CWF Bioblitzes","bjean",NA
"755","CWF Bioblitzes","blueskydragon16",NA
"756","CWF Bioblitzes","bnickle",NA
"757","CWF Bioblitzes","bobkennedy",NA
"758","CWF Bioblitzes","boisnoir",NA
"759","CWF Bioblitzes","bpogson",NA
"760","CWF Bioblitzes","bradleyfishes",NA
"761","CWF Bioblitzes","braedenkelly",NA
"762","CWF Bioblitzes","bre_ad",NA
"763","CWF Bioblitzes","brettkerley",NA
"764","CWF Bioblitzes","brian88989",NA
"765","CWF Bioblitzes","brooke_biologist",NA
"766","CWF Bioblitzes","brooklync73",NA
"767","CWF Bioblitzes","brooklyngosbee",NA
"768","CWF Bioblitzes","brunerdvm",NA
"769","CWF Bioblitzes","bryophyro",NA
"770","CWF Bioblitzes","budofbees",NA
"771","CWF Bioblitzes","burrowburrow",NA
"772","CWF Bioblitzes","cailinmckay",NA
"773","CWF Bioblitzes","caitlin00brown",NA
"774","CWF Bioblitzes","carina_coetzer",NA
"775","CWF Bioblitzes","carmen346",NA
"776","CWF Bioblitzes","carmen_purewal",NA
"777","CWF Bioblitzes","carrotlover16",NA
"778","CWF Bioblitzes","carysmcm",NA
"779","CWF Bioblitzes","cass_nature",NA
"780","CWF Bioblitzes","cassidy_o_reilly",NA
"781","CWF Bioblitzes","caterpillerlover",NA
"782","CWF Bioblitzes","catrin-mary-anderson",NA
"783","CWF Bioblitzes","catrionelee",NA
"784","CWF Bioblitzes","caviola",NA
"785","CWF Bioblitzes","cbkav",NA
"786","CWF Bioblitzes","cela88",NA
"787","CWF Bioblitzes","chadfarthouse92",NA
"788","CWF Bioblitzes","challeykc",NA
"789","CWF Bioblitzes","charity60127",NA
"790","CWF Bioblitzes","chayseen",NA
"791","CWF Bioblitzes","chef1610",NA
"792","CWF Bioblitzes","chickadia","Blitz the Gap"
"793","CWF Bioblitzes","chingsheng",NA
"794","CWF Bioblitzes","chocolatechipmunk15",NA
"795","CWF Bioblitzes","chrisearley",NA
"796","CWF Bioblitzes","chrisfluit","BC Biodiversity 2025 Team"
"797","CWF Bioblitzes","christawise",NA
"798","CWF Bioblitzes","christian80554",NA
"799","CWF Bioblitzes","ckg88",NA
"800","CWF Bioblitzes","clburke",NA
"801","CWF Bioblitzes","cmerebirdiebirdie",NA
"802","CWF Bioblitzes","cowmeat",NA
"803","CWF Bioblitzes","cranerk",NA
"804","CWF Bioblitzes","crayon_juice",NA
"805","CWF Bioblitzes","creature_report",NA
"806","CWF Bioblitzes","cwf_max","GCB Grantees"
"807","CWF Bioblitzes","da84aa",NA
"808","CWF Bioblitzes","da_chirp",NA
"809","CWF Bioblitzes","dalebro",NA
"810","CWF Bioblitzes","dana64085",NA
"811","CWF Bioblitzes","darkam",NA
"812","CWF Bioblitzes","david40105",NA
"813","CWF Bioblitzes","daybc",NA
"814","CWF Bioblitzes","db_kathrin",NA
"815","CWF Bioblitzes","dbltucker","BC Biodiversity 2025 Team"
"816","CWF Bioblitzes","dccopley","GCB Grantees"
"817","CWF Bioblitzes","deinops",NA
"818","CWF Bioblitzes","delward",NA
"819","CWF Bioblitzes","devilcactus66",NA
"820","CWF Bioblitzes","devjohnstone",NA
"821","CWF Bioblitzes","devon39591",NA
"822","CWF Bioblitzes","devyn_smith",NA
"823","CWF Bioblitzes","dgobs",NA
"824","CWF Bioblitzes","dickcannings",NA
"825","CWF Bioblitzes","dominiquejames",NA
"826","CWF Bioblitzes","doorchen",NA
"827","CWF Bioblitzes","dorscht24",NA
"828","CWF Bioblitzes","doviende","Blitz the Gap"
"829","CWF Bioblitzes","drroy",NA
"830","CWF Bioblitzes","duanewdiehl",NA
"831","CWF Bioblitzes","ducksoup10",NA
"832","CWF Bioblitzes","echocreek",NA
"833","CWF Bioblitzes","ecologyrockstar",NA
"834","CWF Bioblitzes","elcockm",NA
"835","CWF Bioblitzes","elisad13",NA
"836","CWF Bioblitzes","elliotty",NA
"837","CWF Bioblitzes","eloraa","BC Biodiversity 2025 Team"
"838","CWF Bioblitzes","elya2",NA
"839","CWF Bioblitzes","emily_quirke",NA
"840","CWF Bioblitzes","emma_anne",NA
"841","CWF Bioblitzes","entochick",NA
"842","CWF Bioblitzes","erica44915",NA
"843","CWF Bioblitzes","eullstrom","BC Biodiversity"
"844","CWF Bioblitzes","explore_wildlife",NA
"845","CWF Bioblitzes","eyeofheaven",NA
"846","CWF Bioblitzes","faith-grant",NA
"847","CWF Bioblitzes","farmerkrista",NA
"848","CWF Bioblitzes","fatima0192",NA
"849","CWF Bioblitzes","fatimasyeda05",NA
"850","CWF Bioblitzes","felicityb32",NA
"851","CWF Bioblitzes","finch12",NA
"852","CWF Bioblitzes","finnnger",NA
"853","CWF Bioblitzes","fionaspitzig",NA
"854","CWF Bioblitzes","flahertyadhillon",NA
"855","CWF Bioblitzes","flanglois",NA
"856","CWF Bioblitzes","flora_art",NA
"857","CWF Bioblitzes","flyersmith",NA
"858","CWF Bioblitzes","fmcghee","BC Biodiversity"
"859","CWF Bioblitzes","forestentchad",NA
"860","CWF Bioblitzes","forgd",NA
"861","CWF Bioblitzes","fortheloveofmoths",NA
"862","CWF Bioblitzes","francesca_ahhh",NA
"863","CWF Bioblitzes","francesca_ahhh",NA
"864","CWF Bioblitzes","francis_stockel",NA
"865","CWF Bioblitzes","fredojusto",NA
"866","CWF Bioblitzes","frog_warrior",NA
"867","CWF Bioblitzes","froggydeeeeee",NA
"868","CWF Bioblitzes","fromandan",NA
"869","CWF Bioblitzes","g_buck",NA
"870","CWF Bioblitzes","gabrielrm",NA
"871","CWF Bioblitzes","gardeningwriter",NA
"872","CWF Bioblitzes","gavinguo",NA
"873","CWF Bioblitzes","geeseses",NA
"874","CWF Bioblitzes","gemmatarling",NA
"875","CWF Bioblitzes","geralddeschain",NA
"876","CWF Bioblitzes","gizzymotto",NA
"877","CWF Bioblitzes","glutick",NA
"878","CWF Bioblitzes","gmagnus",NA
"879","CWF Bioblitzes","gmzagorsk",NA
"880","CWF Bioblitzes","goatnotes",NA
"881","CWF Bioblitzes","goblinthing",NA
"882","CWF Bioblitzes","gpohl",NA
"883","CWF Bioblitzes","gracerosa",NA
"884","CWF Bioblitzes","graciechestney",NA
"885","CWF Bioblitzes","greenmarie",NA
"886","CWF Bioblitzes","gregorysk",NA
"887","CWF Bioblitzes","gspadoni",NA
"888","CWF Bioblitzes","gyobad",NA
"889","CWF Bioblitzes","h1d34w4y",NA
"890","CWF Bioblitzes","hannadv","Blitz the Gap"
"891","CWF Bioblitzes","hannah32682",NA
"892","CWF Bioblitzes","hannia86817",NA
"893","CWF Bioblitzes","harvert22",NA
"894","CWF Bioblitzes","haybear29",NA
"895","CWF Bioblitzes","hayleh",NA
"896","CWF Bioblitzes","helenbee",NA
"897","CWF Bioblitzes","helenspencernl",NA
"898","CWF Bioblitzes","humanbean02",NA
"899","CWF Bioblitzes","iammaeve",NA
"900","CWF Bioblitzes","ianmanning","Blitz the Gap"
"901","CWF Bioblitzes","ieatdirt500",NA
"902","CWF Bioblitzes","ijunco",NA
"903","CWF Bioblitzes","infiniteduplicate",NA
"904","CWF Bioblitzes","ingvildriska",NA
"905","CWF Bioblitzes","iodanem","Blitz the Gap"
"906","CWF Bioblitzes","isabellalang",NA
"907","CWF Bioblitzes","isabellecf",NA
"908","CWF Bioblitzes","isalinesmyth",NA
"909","CWF Bioblitzes","ischmelzer",NA
"910","CWF Bioblitzes","istasiulis",NA
"911","CWF Bioblitzes","j_38773",NA
"912","CWF Bioblitzes","j_hettinga",NA
"913","CWF Bioblitzes","jack37469",NA
"914","CWF Bioblitzes","jada74371",NA
"915","CWF Bioblitzes","jaiden93377",NA
"916","CWF Bioblitzes","jamesalexander",NA
"917","CWF Bioblitzes","jan_thornhill",NA
"918","CWF Bioblitzes","janisel",NA
"919","CWF Bioblitzes","janna_w",NA
"920","CWF Bioblitzes","jbordin",NA
"921","CWF Bioblitzes","jd153d",NA
"922","CWF Bioblitzes","jeannemdl",NA
"923","CWF Bioblitzes","jessiaber",NA
"924","CWF Bioblitzes","jessicaisacat",NA
"925","CWF Bioblitzes","jessicakelndorfer",NA
"926","CWF Bioblitzes","jflupton",NA
"927","CWF Bioblitzes","jijoyce98",NA
"928","CWF Bioblitzes","jilagan14",NA
"929","CWF Bioblitzes","jimmybean",NA
"930","CWF Bioblitzes","jjodii",NA
"931","CWF Bioblitzes","jjpg",NA
"932","CWF Bioblitzes","jkaseman18",NA
"933","CWF Bioblitzes","jmarmand",NA
"934","CWF Bioblitzes","jmdr",NA
"935","CWF Bioblitzes","jmurphy246",NA
"936","CWF Bioblitzes","joanna16685",NA
"937","CWF Bioblitzes","joe9806",NA
"938","CWF Bioblitzes","johnbrazner",NA
"939","CWF Bioblitzes","jordan5005",NA
"940","CWF Bioblitzes","jordan616",NA
"941","CWF Bioblitzes","joseph_l",NA
"942","CWF Bioblitzes","jr_mac_1035",NA
"943","CWF Bioblitzes","judeslater8611",NA
"944","CWF Bioblitzes","juliakcarr","BC Biodiversity"
"945","CWF Bioblitzes","juliannhealey",NA
"946","CWF Bioblitzes","juliehuntington",NA
"947","CWF Bioblitzes","juncojams",NA
"948","CWF Bioblitzes","justinchans","GCB Grantees"
"949","CWF Bioblitzes","kachenbach",NA
"950","CWF Bioblitzes","kaitfancy",NA
"951","CWF Bioblitzes","kaizanami",NA
"952","CWF Bioblitzes","kalenrc",NA
"953","CWF Bioblitzes","kallummcdonald",NA
"954","CWF Bioblitzes","kate_yang__",NA
"955","CWF Bioblitzes","katelab",NA
"956","CWF Bioblitzes","katelukeman",NA
"957","CWF Bioblitzes","katelukeman",NA
"958","CWF Bioblitzes","kathrush",NA
"959","CWF Bioblitzes","kayizi",NA
"960","CWF Bioblitzes","kdriscoll",NA
"961","CWF Bioblitzes","kemorley",NA
"962","CWF Bioblitzes","kevin_butt",NA
"963","CWF Bioblitzes","kevingp",NA
"964","CWF Bioblitzes","khalidn3",NA
"965","CWF Bioblitzes","kimdunphy",NA
"966","CWF Bioblitzes","kirstengallant",NA
"967","CWF Bioblitzes","kirstengallant",NA
"968","CWF Bioblitzes","kjrobinson",NA
"969","CWF Bioblitzes","kjudge",NA
"970","CWF Bioblitzes","klosaw",NA
"971","CWF Bioblitzes","kls0322",NA
"972","CWF Bioblitzes","kpd82",NA
"973","CWF Bioblitzes","krispykris03",NA
"974","CWF Bioblitzes","kristaonthemountan",NA
"975","CWF Bioblitzes","kristen522",NA
"976","CWF Bioblitzes","kristy11",NA
"977","CWF Bioblitzes","l4nah",NA
"978","CWF Bioblitzes","l_milo",NA
"979","CWF Bioblitzes","lainey_saunders",NA
"980","CWF Bioblitzes","lakhrame",NA
"981","CWF Bioblitzes","laura_craft",NA
"982","CWF Bioblitzes","laurasaunders18",NA
"983","CWF Bioblitzes","lbistritz","Blitz the Gap"
"984","CWF Bioblitzes","leah599",NA
"985","CWF Bioblitzes","lemonmink",NA
"986","CWF Bioblitzes","lilyanne_foster",NA
"987","CWF Bioblitzes","lindsay68128",NA
"988","CWF Bioblitzes","lisa0419",NA
"989","CWF Bioblitzes","little_blue_heron",NA
"990","CWF Bioblitzes","livia28842",NA
"991","CWF Bioblitzes","lochpipi",NA
"992","CWF Bioblitzes","loganjlbradley",NA
"993","CWF Bioblitzes","loh39528","Blitz the Gap"
"994","CWF Bioblitzes","lookingglass",NA
"995","CWF Bioblitzes","lrswan",NA
"996","CWF Bioblitzes","lvilleneff",NA
"997","CWF Bioblitzes","lynnlauwers",NA
"998","CWF Bioblitzes","lyr-is-lichen-it",NA
"999","CWF Bioblitzes","mackenzie-j",NA
"1000","CWF Bioblitzes","macklooksatstuff",NA
"1001","CWF Bioblitzes","madcat91",NA
"1002","CWF Bioblitzes","maddy_sampson",NA
"1003","CWF Bioblitzes","madelyn58023",NA
"1004","CWF Bioblitzes","mae_028",NA
"1005","CWF Bioblitzes","mama_dharma",NA
"1006","CWF Bioblitzes","marilynswaby",NA
"1007","CWF Bioblitzes","marmis",NA
"1008","CWF Bioblitzes","martinejav",NA
"1009","CWF Bioblitzes","maryinmars",NA
"1010","CWF Bioblitzes","matthew86187",NA
"1011","CWF Bioblitzes","matthias22",NA
"1012","CWF Bioblitzes","maverick94367",NA
"1013","CWF Bioblitzes","maya49345",NA
"1014","CWF Bioblitzes","maya73173",NA
"1015","CWF Bioblitzes","mduckling",NA
"1016","CWF Bioblitzes","meggall875",NA
"1017","CWF Bioblitzes","meliameadow","Blitz the Gap"
"1018","CWF Bioblitzes","micah59150",NA
"1019","CWF Bioblitzes","miguel39614",NA
"1020","CWF Bioblitzes","millerj25",NA
"1021","CWF Bioblitzes","mitcholsen",NA
"1022","CWF Bioblitzes","mizz_heatha",NA
"1023","CWF Bioblitzes","mkcarpenter",NA
"1024","CWF Bioblitzes","mmund","GCB Grantees"
"1025","CWF Bioblitzes","monique13561",NA
"1026","CWF Bioblitzes","morgan17085",NA
"1027","CWF Bioblitzes","mpenner03","Blitz the Gap"
"1028","CWF Bioblitzes","mpenney",NA
"1029","CWF Bioblitzes","msexplores",NA
"1030","CWF Bioblitzes","murderzeppelin",NA
"1031","CWF Bioblitzes","mutaheram",NA
"1032","CWF Bioblitzes","myaroach",NA
"1033","CWF Bioblitzes","mycoastro",NA
"1034","CWF Bioblitzes","natalia_gala",NA
"1035","CWF Bioblitzes","natalie_n_nature",NA
"1036","CWF Bioblitzes","natalie_parsons",NA
"1037","CWF Bioblitzes","natasharees",NA
"1038","CWF Bioblitzes","nati48",NA
"1039","CWF Bioblitzes","naturalist124363",NA
"1040","CWF Bioblitzes","nature_asian",NA
"1041","CWF Bioblitzes","naturenickpics",NA
"1042","CWF Bioblitzes","nauglej",NA
"1043","CWF Bioblitzes","ne03m0",NA
"1044","CWF Bioblitzes","neil6383",NA
"1045","CWF Bioblitzes","newfie1",NA
"1046","CWF Bioblitzes","nickknutson",NA
"1047","CWF Bioblitzes","nickynanc",NA
"1048","CWF Bioblitzes","nikolas94",NA
"1049","CWF Bioblitzes","nina49376",NA
"1050","CWF Bioblitzes","ninajunk",NA
"1051","CWF Bioblitzes","nixieolivia",NA
"1052","CWF Bioblitzes","noah_mcintyre",NA
"1053","CWF Bioblitzes","noah_mcmullen",NA
"1054","CWF Bioblitzes","noahphillips",NA
"1055","CWF Bioblitzes","nolanwood","GCB Grantees"
"1056","CWF Bioblitzes","nonaya",NA
"1057","CWF Bioblitzes","noodlecrayon",NA
"1058","CWF Bioblitzes","norbertpalooza",NA
"1059","CWF Bioblitzes","nowaln",NA
"1060","CWF Bioblitzes","nyhofs",NA
"1061","CWF Bioblitzes","olevert",NA
"1062","CWF Bioblitzes","oloktaev",NA
"1063","CWF Bioblitzes","operating_potato",NA
"1064","CWF Bioblitzes","oscarjarsky",NA
"1065","CWF Bioblitzes","ottleys",NA
"1066","CWF Bioblitzes","ouedraogoi",NA
"1067","CWF Bioblitzes","ozandlu",NA
"1068","CWF Bioblitzes","parzudak","GCB Grantees"
"1069","CWF Bioblitzes","patrickgoa",NA
"1070","CWF Bioblitzes","payton51918",NA
"1071","CWF Bioblitzes","pennycanoe",NA
"1072","CWF Bioblitzes","pennyjag",NA
"1073","CWF Bioblitzes","pepe_rodriguez",NA
"1074","CWF Bioblitzes","petalpusherr",NA
"1075","CWF Bioblitzes","peteryu1",NA
"1076","CWF Bioblitzes","peygeon",NA
"1077","CWF Bioblitzes","physicsdave",NA
"1078","CWF Bioblitzes","pimsixl",NA
"1079","CWF Bioblitzes","polarbear2024",NA
"1080","CWF Bioblitzes","priyadhillon",NA
"1081","CWF Bioblitzes","psokoloff",NA
"1082","CWF Bioblitzes","ptpayson",NA
"1083","CWF Bioblitzes","pudgythegudge",NA
"1084","CWF Bioblitzes","pyperjoy",NA
"1085","CWF Bioblitzes","qednesdate",NA
"1086","CWF Bioblitzes","qiandaizi",NA
"1087","CWF Bioblitzes","rachel_swenie",NA
"1088","CWF Bioblitzes","radama",NA
"1089","CWF Bioblitzes","raddad",NA
"1090","CWF Bioblitzes","radicalice",NA
"1091","CWF Bioblitzes","rainyd42",NA
"1092","CWF Bioblitzes","rangerg10",NA
"1093","CWF Bioblitzes","rdclugston",NA
"1094","CWF Bioblitzes","rebecca_barkhouse",NA
"1095","CWF Bioblitzes","rebecca_calder",NA
"1096","CWF Bioblitzes","redan1",NA
"1097","CWF Bioblitzes","redherron",NA
"1098","CWF Bioblitzes","reese_jolicoeur",NA
"1099","CWF Bioblitzes","relativelyfungi9",NA
"1100","CWF Bioblitzes","reynolds33",NA
"1101","CWF Bioblitzes","rfdgrs",NA
"1102","CWF Bioblitzes","rgilden","Blitz the Gap"
"1103","CWF Bioblitzes","rgregory2456",NA
"1104","CWF Bioblitzes","rio_espena",NA
"1105","CWF Bioblitzes","riobservesthings",NA
"1106","CWF Bioblitzes","rissalev2234",NA
"1107","CWF Bioblitzes","rlabelle",NA
"1108","CWF Bioblitzes","roanan_d",NA
"1109","CWF Bioblitzes","robertgbrown",NA
"1110","CWF Bioblitzes","robidium",NA
"1111","CWF Bioblitzes","rosep3",NA
"1112","CWF Bioblitzes","roslyn_acosta",NA
"1113","CWF Bioblitzes","rrfc",NA
"1114","CWF Bioblitzes","rwinslow12345",NA
"1115","CWF Bioblitzes","rylansmig",NA
"1116","CWF Bioblitzes","ryrudy",NA
"1117","CWF Bioblitzes","sabinemd",NA
"1118","CWF Bioblitzes","sagekuehn",NA
"1119","CWF Bioblitzes","sahina1",NA
"1120","CWF Bioblitzes","saja41391",NA
"1121","CWF Bioblitzes","saltmarsh2",NA
"1122","CWF Bioblitzes","sam_jean",NA
"1123","CWF Bioblitzes","samdubeau",NA
"1124","CWF Bioblitzes","samuellesp_cwf","Blitz the Gap"
"1125","CWF Bioblitzes","sancic",NA
"1126","CWF Bioblitzes","sandhud25",NA
"1127","CWF Bioblitzes","sandwich",NA
"1128","CWF Bioblitzes","sandwich",NA
"1129","CWF Bioblitzes","sara_yac","Blitz the Gap"
"1130","CWF Bioblitzes","sarah_33",NA
"1131","CWF Bioblitzes","sarahletourneau",NA
"1132","CWF Bioblitzes","sarahlively",NA
"1133","CWF Bioblitzes","sarahwilkie",NA
"1134","CWF Bioblitzes","sav_spi",NA
"1135","CWF Bioblitzes","savannahxiao",NA
"1136","CWF Bioblitzes","schmeather",NA
"1137","CWF Bioblitzes","scotian25",NA
"1138","CWF Bioblitzes","scott1272",NA
"1139","CWF Bioblitzes","scottdwilson",NA
"1140","CWF Bioblitzes","scottmacauley",NA
"1141","CWF Bioblitzes","sdsoutthere",NA
"1142","CWF Bioblitzes","selena_benjamin",NA
"1143","CWF Bioblitzes","selena_benjamin",NA
"1144","CWF Bioblitzes","semple",NA
"1145","CWF Bioblitzes","serena2412",NA
"1146","CWF Bioblitzes","sev_envs",NA
"1147","CWF Bioblitzes","shaunaforrestall",NA
"1148","CWF Bioblitzes","shaunaforrestall",NA
"1149","CWF Bioblitzes","shawnb2","BC Biodiversity 2025 Team"
"1150","CWF Bioblitzes","shaylee53653",NA
"1151","CWF Bioblitzes","sheilamax",NA
"1152","CWF Bioblitzes","sher12",NA
"1153","CWF Bioblitzes","shermchar",NA
"1154","CWF Bioblitzes","shirleym2004",NA
"1155","CWF Bioblitzes","siennahorodecki",NA
"1156","CWF Bioblitzes","siennak23",NA
"1157","CWF Bioblitzes","simon4049",NA
"1158","CWF Bioblitzes","skei",NA
"1159","CWF Bioblitzes","skitty27",NA
"1160","CWF Bioblitzes","smacnay",NA
"1161","CWF Bioblitzes","smdeals",NA
"1162","CWF Bioblitzes","solakono",NA
"1163","CWF Bioblitzes","sophie0212",NA
"1164","CWF Bioblitzes","souzanne",NA
"1165","CWF Bioblitzes","splendid_jelly",NA
"1166","CWF Bioblitzes","sstarratt999",NA
"1167","CWF Bioblitzes","starblood",NA
"1168","CWF Bioblitzes","stephbrulot","Blitz the Gap"
"1169","CWF Bioblitzes","stockfalcon",NA
"1170","CWF Bioblitzes","summersidediver",NA
"1171","CWF Bioblitzes","sunny1459",NA
"1172","CWF Bioblitzes","susanna47882",NA
"1173","CWF Bioblitzes","swampcandle",NA
"1174","CWF Bioblitzes","sydcoy",NA
"1175","CWF Bioblitzes","sydneycan",NA
"1176","CWF Bioblitzes","taegan_trout",NA
"1177","CWF Bioblitzes","tanaz1",NA
"1178","CWF Bioblitzes","tandis",NA
"1179","CWF Bioblitzes","tankade",NA
"1180","CWF Bioblitzes","tatianagolwalla",NA
"1181","CWF Bioblitzes","tedmond1",NA
"1182","CWF Bioblitzes","terriblereptiles77",NA
"1183","CWF Bioblitzes","tess_6",NA
"1184","CWF Bioblitzes","tessbk05",NA
"1185","CWF Bioblitzes","thatkidash",NA
"1186","CWF Bioblitzes","the-creature",NA
"1187","CWF Bioblitzes","theamarti",NA
"1188","CWF Bioblitzes","thelonehick",NA
"1189","CWF Bioblitzes","thomas69198",NA
"1190","CWF Bioblitzes","thomas_lewis3",NA
"1191","CWF Bioblitzes","thomasbarbin","GCB Grantees"
"1192","CWF Bioblitzes","thomaslomdaridze",NA
"1193","CWF Bioblitzes","trainee80",NA
"1194","CWF Bioblitzes","travis33093",NA
"1195","CWF Bioblitzes","troulston",NA
"1196","CWF Bioblitzes","tschuss",NA
"1197","CWF Bioblitzes","tsmcenery",NA
"1198","CWF Bioblitzes","tuyetnhut",NA
"1199","CWF Bioblitzes","tybudreau",NA
"1200","CWF Bioblitzes","udhaysekhon",NA
"1201","CWF Bioblitzes","v_moss",NA
"1202","CWF Bioblitzes","vanshipatel",NA
"1203","CWF Bioblitzes","victorgrivegneedumoulin",NA
"1204","CWF Bioblitzes","vintagefeverdream",NA
"1205","CWF Bioblitzes","violetdale",NA
"1206","CWF Bioblitzes","wags2424",NA
"1207","CWF Bioblitzes","wakinya",NA
"1208","CWF Bioblitzes","wandering_tulipp",NA
"1209","CWF Bioblitzes","wendi_brandon",NA
"1210","CWF Bioblitzes","wertze",NA
"1211","CWF Bioblitzes","wf_guider",NA
"1212","CWF Bioblitzes","wheatyos",NA
"1213","CWF Bioblitzes","whippet7",NA
"1214","CWF Bioblitzes","whisperingowl",NA
"1215","CWF Bioblitzes","wickerte",NA
"1216","CWF Bioblitzes","wild_free_untamed",NA
"1217","CWF Bioblitzes","wilka1",NA
"1218","CWF Bioblitzes","wilysaw",NA
"1219","CWF Bioblitzes","wisteriawolf16",NA
"1220","CWF Bioblitzes","wizardkris",NA
"1221","CWF Bioblitzes","yan_f",NA
"1222","CWF Bioblitzes","yegbio",NA
"1223","CWF Bioblitzes","yogurtfamxx",NA
"1224","CWF Bioblitzes","zack_t",NA
"1225","CWF Bioblitzes","zedquellen",NA
"1226","CWF Bioblitzes","zefiren",NA
"1227","CWF Bioblitzes","zoezonneveld",NA
"1228","CWF Bioblitzes","zonotrichiaenjoyer",NA
