"","user_login","primary_group"
"1","a_dumas","Blitz the Gap"
"2","a_mammal","CWF Bioblitzes"
"3","aaronveale","Blitz the Gap"
"4","aazide","Blitz the Gap"
"5","abbyhyde","BC Biodiversity 2025 Team"
"6","adam_kalab","CWF Bioblitzes"
"7","adamwargon","Blitz the Gap"
"8","adhd_gremlin","Blitz the Gap"
"9","aegolius99","Blitz the Gap"
"10","agigeroff","Blitz the Gap"
"11","aiva","GCB Grantees"
"12","ajones_mcgill","QCBS Grantees"
"13","ajphip","CWF Bioblitzes"
"14","alain49251","Blitz the Gap"
"15","alex1702","Blitz the Gap"
"16","alexlapierre","Blitz the Gap"
"17","alexpitch1","Blitz the Gap"
"18","alexvpace","Blitz the Gap"
"19","allanf","Blitz the Gap"
"20","allison300","Blitz the Gap"
"21","amberstjames","Blitz the Gap"
"22","amyfrostwicks","Blitz the Gap"
"23","andreasara","Blitz the Gap"
"24","andrewcreese","Campus Nature Challenge"
"25","angelamac","Blitz the Gap"
"26","ann2023","Blitz the Gap"
"27","anna_elkins","Blitz the Gap"
"28","annaananas","Blitz the Gap"
"29","annabel_w","Blitz the Gap"
"30","annaoflynn","Blitz the Gap"
"31","anthonyzerafa","Blitz the Gap"
"32","aparshyn","Blitz the Gap"
"33","april-kr","Blitz the Gap"
"34","aquatark","Blitz the Gap"
"35","ariane113","Blitz the Gap"
"36","arthrowepoda","Blitz the Gap"
"37","arthur_ab_frogman","CWF Bioblitzes"
"38","ash_uma","Blitz the Gap"
"39","ashleyferns","Blitz the Gap"
"40","atl_nature_2022","Blitz the Gap"
"41","audrey346","Blitz the Gap"
"42","audreylemay","Blitz the Gap"
"43","azemax","Blitz the Gap"
"44","bclarkston","Blitz the Gap"
"45","beckeril","Blitz the Gap"
"46","beespeaker","Blitz the Gap"
"47","beetlejuiced","Blitz the Gap"
"48","bentleycolwill","Blitz the Gap"
"49","bevwigney","Blitz the Gap"
"50","bigguysullivan","Blitz the Gap"
"51","bigweld","Blitz the Gap"
"52","biophiliabc","Blitz the Gap"
"53","blakeweis","Blitz the Gap"
"54","bminion03","Blitz the Gap"
"55","bo_curtis_","Blitz the Gap"
"56","bobl2","Blitz the Gap"
"57","bobmcd","Blitz the Gap"
"58","boneslikesbirds","Campus Nature Challenge"
"59","bretta79","Blitz the Gap"
"60","brogan_stewart","QCBS Grantees"
"61","bstarzomski","BC Biodiversity 2025 Team"
"62","bugsnslugs","Blitz the Gap"
"63","c_harper_ott","Blitz the Gap"
"64","c_omelon","Blitz the Gap"
"65","caffeyian","Blitz the Gap"
"66","calebcatto","Blitz the Gap"
"67","camdiaz","Blitz the Gap"
"68","camgb","Campus Nature Challenge"
"69","carterdorscht","Blitz the Gap"
"70","cascadian","Blitz the Gap"
"71","cassidybest","BC Biodiversity 2025 Team"
"72","cassiia","Blitz the Gap"
"73","cathalle","Campus Nature Challenge"
"74","cdvbrown","Blitz the Gap"
"75","cecropiabmantis","Blitz the Gap"
"76","ceebee1111","Blitz the Gap"
"77","centibead","Blitz the Gap"
"78","cerys_just_cerys","Blitz the Gap"
"79","charles18686","Blitz the Gap"
"80","charles35093","Blitz the Gap"
"81","charlottegalloway","Blitz the Gap"
"82","cherubin","Blitz the Gap"
"83","chickadia","CWF Bioblitzes"
"84","chlorophyllia","Blitz the Gap"
"85","chrisdelacampagne","Blitz the Gap"
"86","clara_casabona","Blitz the Gap"
"87","colindjones","Blitz the Gap"
"88","cookieq","Blitz the Gap"
"89","corinne-du-lac-rond","Blitz the Gap"
"90","cotinga","Blitz the Gap"
"91","couldbecalliope","Blitz the Gap"
"92","cr99","Blitz the Gap"
"93","criquette1","Blitz the Gap"
"94","crobillard","Blitz the Gap"
"95","csdallstream","QCBS Grantees"
"96","danman223","Blitz the Gap"
"97","darrenkirby","Blitz the Gap"
"98","daustin1","Blitz the Gap"
"99","davia3","Blitz the Gap"
"100","davidadair1","Blitz the Gap"
"101","davidagahunt","Blitz the Gap"
"102","dbmcc09","Blitz the Gap"
"103","dcaron","Blitz the Gap"
"104","delaneymc2","Blitz the Gap"
"105","delphine86132","Blitz the Gap"
"106","dg653","Blitz the Gap"
"107","dhgadd","Blitz the Gap"
"108","diane_srivastava","Blitz the Gap"
"109","dmschock","Blitz the Gap"
"110","docdez","Blitz the Gap"
"111","donaldasutherland","Blitz the Gap"
"112","doviende","CWF Bioblitzes"
"113","earley_bird","BC Biodiversity 2025 Team"
"114","ecampbell_","Blitz the Gap"
"115","edespland","QCBS Grantees"
"116","ehessels","Blitz the Gap"
"117","elaine96838","Blitz the Gap"
"118","elgonmab","Blitz the Gap"
"119","eli8056","Blitz the Gap"
"120","eli_duke","Blitz the Gap"
"121","elizabeth138","Blitz the Gap"
"122","elizabethcazeault","Blitz the Gap"
"123","ellegreta","Blitz the Gap"
"124","elliofthenorth","Blitz the Gap"
"125","eloraa","BC Biodiversity 2025 Team"
"126","emican","Blitz the Gap"
"127","emilieidion","Blitz the Gap"
"128","emilypalah","Blitz the Gap"
"129","eniola30","Blitz the Gap"
"130","enspring","BC Biodiversity"
"131","ericao","Blitz the Gap"
"132","erikoaizawa","Blitz the Gap"
"133","eroger","Blitz the Gap"
"134","errosorbus","Blitz the Gap"
"135","etuz","Blitz the Gap"
"136","eva_ruth","Blitz the Gap"
"137","eve20219","Blitz the Gap"
"138","everobinson","Blitz the Gap"
"139","eyes19985","Blitz the Gap"
"140","eyes2","Blitz the Gap"
"141","eyes3","Blitz the Gap"
"142","eyes4","Blitz the Gap"
"143","eyes5","Blitz the Gap"
"144","eyes6","Blitz the Gap"
"145","eyes7","Blitz the Gap"
"146","eyes8","Blitz the Gap"
"147","fariz_ahmadov","Blitz the Gap"
"148","five_lined","Blitz the Gap"
"149","fmathieu0069","Blitz the Gap"
"150","fmmorgan26","Blitz the Gap"
"151","forestcatboynom","Blitz the Gap"
"152","fredisoutside","Campus Nature Challenge"
"153","friesen5000","Blitz the Gap"
"154","frogspotter","Blitz the Gap"
"155","frostfox","Blitz the Gap"
"156","frousseu","Campus Nature Challenge"
"157","gab_bibeau","Blitz the Gap"
"158","gabrielle182","Blitz the Gap"
"159","gardenspade13","Blitz the Gap"
"160","gary-james","Blitz the Gap"
"161","gatonauto","Blitz the Gap"
"162","gendgrr","Blitz the Gap"
"163","genevieveboudreau","Blitz the Gap"
"164","georginat","Blitz the Gap"
"165","ggraydon","Blitz the Gap"
"166","gilpaul","Blitz the Gap"
"167","giulia_butera","Blitz the Gap"
"168","glaroc","Blitz the Gap"
"169","gonzandrew","Blitz the Gap"
"170","gottacatchenall","QCBS Grantees"
"171","grapefruits14","Blitz the Gap"
"172","grenouillesue","Blitz the Gap"
"173","gtrottier","Blitz the Gap"
"174","guillaumer1","Blitz the Gap"
"175","gyoo1","Blitz the Gap"
"176","halifax_ingrid","Blitz the Gap"
"177","hannadv","CWF Bioblitzes"
"178","hawkbander","Blitz the Gap"
"179","hazard2322","Blitz the Gap"
"180","heatherpickard","Blitz the Gap"
"181","hipstermama","Blitz the Gap"
"182","hobbiesera","Blitz the Gap"
"183","hproctor","Blitz the Gap"
"184","huwalu_ka_using","Blitz the Gap"
"185","i_henderson_404","Blitz the Gap"
"186","iadams","Blitz the Gap"
"187","ianmanning","CWF Bioblitzes"
"188","imsarfaroz","Blitz the Gap"
"189","inatter","Blitz the Gap"
"190","inaturalist-l4nhu","Blitz the Gap"
"191","inhalethewild","Blitz the Gap"
"192","iodanem","CWF Bioblitzes"
"193","irisduvivier","QCBS Grantees"
"194","isabelle3f","Blitz the Gap"
"195","islandgirl68","Blitz the Gap"
"196","islandnaturetrust","Blitz the Gap"
"197","jackbattle6","Blitz the Gap"
"198","jaegerpilot","Blitz the Gap"
"199","jamie17015","Blitz the Gap"
"200","jaserrano16","QCBS Grantees"
"201","jasminleduc","Blitz the Gap"
"202","jason_miller","Blitz the Gap"
"203","jasonheadley","BC Biodiversity"
"204","jennharrison","Blitz the Gap"
"205","jeremy38383","Blitz the Gap"
"206","jessiemayes","Blitz the Gap"
"207","jgupt040","QCBS Grantees"
"208","jmclatchie","Blitz the Gap"
"209","joanseptembre","Blitz the Gap"
"210","johndreynolds","BC Biodiversity 2025 Team"
"211","jollygoodyellow","Blitz the Gap"
"212","jonathanbrassard","Blitz the Gap"
"213","josh_lee","Blitz the Gap"
"214","jphild","Blitz the Gap"
"215","julie-soleil","Blitz the Gap"
"216","juliettebarbeau","Blitz the Gap"
"217","juney55","Blitz the Gap"
"218","justinchans","GCB Grantees"
"219","jvamosi","Blitz the Gap"
"220","kai151","Blitz the Gap"
"221","karen_smith","Blitz the Gap"
"222","karolanegb","Blitz the Gap"
"223","karuquebec","Blitz the Gap"
"224","katecreates73","Blitz the Gap"
"225","katerinacoveny","Blitz the Gap"
"226","katherinehebert","QCBS Grantees"
"227","katiab","Blitz the Gap"
"228","katiaforgues","Blitz the Gap"
"229","katlinpk","Blitz the Gap"
"230","katwhowanders","Blitz the Gap"
"231","kaylatee","Blitz the Gap"
"232","kayleebusniuk","Blitz the Gap"
"233","kayleybreslin","Blitz the Gap"
"234","keeker","Blitz the Gap"
"235","kelsiei","Blitz the Gap"
"236","kennedy_zw","Blitz the Gap"
"237","kgreenhow","Blitz the Gap"
"238","kim_barrett","Blitz the Gap"
"239","kirstynleighe","Blitz the Gap"
"240","kiyaryar","Blitz the Gap"
"241","kmfret","BC Biodiversity"
"242","kris_elle","Blitz the Gap"
"243","kristin_olson_","Blitz the Gap"
"244","kristinpiston","Campus Nature Challenge"
"245","krys_lenek","Blitz the Gap"
"246","kyleholloway","Blitz the Gap"
"247","labradorbirdie97","Blitz the Gap"
"248","lafly","Blitz the Gap"
"249","lajosy","Blitz the Gap"
"250","laserarch","Blitz the Gap"
"251","laszlocserhazi","Blitz the Gap"
"252","laurabee44","Blitz the Gap"
"253","lauraj_rl","QCBS Grantees"
"254","laurence39619","Blitz the Gap"
"255","lbistritz","CWF Bioblitzes"
"256","ldbogan","Blitz the Gap"
"257","leafystars","Blitz the Gap"
"258","leah","Blitz the Gap"
"259","leannetamara","Blitz the Gap"
"260","leeyanagpal","Blitz the Gap"
"261","leighton_r_king","QCBS Grantees"
"262","lenachiasson","BC Biodiversity"
"263","lgalerio","Blitz the Gap"
"264","liambren","Blitz the Gap"
"265","liamragan","Blitz the Gap"
"266","liamsteele","Blitz the Gap"
"267","lillietsontrip","Blitz the Gap"
"268","lindot96","Blitz the Gap"
"269","lissa_d","Blitz the Gap"
"270","lissettefwright","Blitz the Gap"
"271","lithobates","Campus Nature Challenge"
"272","liz903","Blitz the Gap"
"273","lj_mcleod","Blitz the Gap"
"274","ljmack","Blitz the Gap"
"275","loh39528","CWF Bioblitzes"
"276","lordallen","Blitz the Gap"
"277","lucaseckert","QCBS Grantees"
"278","lucopatts","Blitz the Gap"
"279","ludweis","Blitz the Gap"
"280","lukasvr","Blitz the Gap"
"281","lynn777","Blitz the Gap"
"282","lysandra","Blitz the Gap"
"283","lytiic","Blitz the Gap"
"284","m_demargot","Blitz the Gap"
"285","machaut2","Blitz the Gap"
"286","maddyinthenorth","Blitz the Gap"
"287","maggielaura","Blitz the Gap"
"288","mahajaja","Blitz the Gap"
"289","maho2","Blitz the Gap"
"290","manta1990","QCBS Grantees"
"291","marc89575","Blitz the Gap"
"292","marcel_pepin","Blitz the Gap"
"293","marcolivierbeausoleil","Blitz the Gap"
"294","margopatrick","Blitz the Gap"
"295","mariakur","Blitz the Gap"
"296","marianneval","Blitz the Gap"
"297","marilynebdubois","Blitz the Gap"
"298","marjolaine_turcotte","Blitz the Gap"
"299","mark_oxamitny","Blitz the Gap"
"300","marlene-d","Blitz the Gap"
"301","martine_lapointe","Blitz the Gap"
"302","marykrieger","Blitz the Gap"
"303","mathieu_beaudin","Blitz the Gap"
"304","matthew1449","Blitz the Gap"
"305","matthewes","Blitz the Gap"
"306","maxencepj91","Blitz the Gap"
"307","mbuck58","Blitz the Gap"
"308","megan_blackmore","Blitz the Gap"
"309","meghannich81","Blitz the Gap"
"310","meliameadow","CWF Bioblitzes"
"311","melindafae","Blitz the Gap"
"312","mgaut33","QCBS Grantees"
"313","mgshepard","Blitz the Gap"
"314","mica_athayde","Blitz the Gap"
"315","michaelgemmell","Blitz the Gap"
"316","michegros","QCBS Grantees"
"317","michelletseng","Blitz the Gap"
"318","mightybushkin","Blitz the Gap"
"319","minmintong","Blitz the Gap"
"320","mjalbert","Blitz the Gap"
"321","mjousse","QCBS Grantees"
"322","mlitcanu","Blitz the Gap"
"323","mnbc","Blitz the Gap"
"324","mogleydogley","Blitz the Gap"
"325","monikafischer","Blitz the Gap"
"326","morgane_13","Blitz the Gap"
"327","morphie","Blitz the Gap"
"328","moth-whisper","Blitz the Gap"
"329","motherunrau","Blitz the Gap"
"330","mpenner03","CWF Bioblitzes"
"331","mrsfitz88","Blitz the Gap"
"332","mrsgeok","Blitz the Gap"
"333","msdharrrr_theexplorer","Blitz the Gap"
"334","mvmacdonald","Blitz the Gap"
"335","mws","Blitz the Gap"
"336","mycocentriq","Blitz the Gap"
"337","mylegsareitchy","Blitz the Gap"
"338","naomi_meed","Blitz the Gap"
"339","natamarack","Blitz the Gap"
"340","natbrightstar","Blitz the Gap"
"341","naturalistcait","Blitz the Gap"
"342","nature_snoop","Blitz the Gap"
"343","naturenb","Blitz the Gap"
"344","naturesbackpack","Blitz the Gap"
"345","nbdragonflyguy","Blitz the Gap"
"346","nbeaudoin","Blitz the Gap"
"347","nbore","Blitz the Gap"
"348","newta","Blitz the Gap"
"349","ngoomie","Blitz the Gap"
"350","nicole_moore","QCBS Grantees"
"351","ninabobina","QCBS Grantees"
"352","njahi","Blitz the Gap"
"353","nkester","Blitz the Gap"
"354","nluymes","Blitz the Gap"
"355","nn4ever","Blitz the Gap"
"356","noah_bl","Blitz the Gap"
"357","noahwightman","QCBS Grantees"
"358","noammarkus","Blitz the Gap"
"359","northross","Blitz the Gap"
"360","observationpowers","Blitz the Gap"
"361","oldtrees","Blitz the Gap"
"362","olivia_ds","Blitz the Gap"
"363","olivier_lang","Blitz the Gap"
"364","paddy2022","Blitz the Gap"
"365","pamela_wood","Blitz the Gap"
"366","partfrog","Blitz the Gap"
"367","paulrfoth","Blitz the Gap"
"368","pepe-braga","Blitz the Gap"
"369","peterfuller","Blitz the Gap"
"370","petersoroye","Blitz the Gap"
"371","philippe_martin_daguet","Blitz the Gap"
"372","pierrax","Blitz the Gap"
"373","pinch","Blitz the Gap"
"374","pipfu","Blitz the Gap"
"375","plantgirl1","Blitz the Gap"
"376","ptit_lezz","Blitz the Gap"
"377","qmulder","Blitz the Gap"
"378","questionable_morels","Blitz the Gap"
"379","r_w_","Blitz the Gap"
"380","rachel19998","Blitz the Gap"
"381","rainwaterredmoon","Blitz the Gap"
"382","rdm-ncb","Blitz the Gap"
"383","rebeccareaderlee","BC Biodiversity"
"384","rebekah_neufeld","Blitz the Gap"
"385","rebelnerd7","Blitz the Gap"
"386","red_bug","Blitz the Gap"
"387","returntoszender","Blitz the Gap"
"388","rgilden","CWF Bioblitzes"
"389","rgreene","Blitz the Gap"
"390","rhart","Blitz the Gap"
"391","richiebonanza","Blitz the Gap"
"392","richsobel","Blitz the Gap"
"393","rikkiexplore","Blitz the Gap"
"394","rishonav","Blitz the Gap"
"395","rndonley","Blitz the Gap"
"396","rosacgt","Blitz the Gap"
"397","rose2204","Blitz the Gap"
"398","rwilkie1","Blitz the Gap"
"399","ryanhull","Blitz the Gap"
"400","sacoll","Blitz the Gap"
"401","saintaardvark","Blitz the Gap"
"402","sakilen","Blitz the Gap"
"403","salix_scott","Blitz the Gap"
"404","samaramanzin","QCBS Grantees"
"405","samuel618","Blitz the Gap"
"406","samuellesp_cwf","CWF Bioblitzes"
"407","santiago_ra","Blitz the Gap"
"408","sara-charlotte","Blitz the Gap"
"409","sara_yac","CWF Bioblitzes"
"410","saskatoonafforestationareasvabos","Blitz the Gap"
"411","sasugden","Blitz the Gap"
"412","sav_vy","Blitz the Gap"
"413","schambo13","Blitz the Gap"
"414","scneill","Blitz the Gap"
"415","scotiaspinner","Blitz the Gap"
"416","sea_hugger","Blitz the Gap"
"417","seanbasquill","Blitz the Gap"
"418","seanvanderluit","Blitz the Gap"
"419","sebas888","Blitz the Gap"
"420","seraphinpoudrier","Blitz the Gap"
"421","sglm","Blitz the Gap"
"422","shirtle","Blitz the Gap"
"423","simon98355","Blitz the Gap"
"424","simonele","Blitz the Gap"
"425","simonjoly","Blitz the Gap"
"426","simonpesant","QCBS Grantees"
"427","skembel","Blitz the Gap"
"428","skycladtrvlr","Blitz the Gap"
"429","smarchie","Blitz the Gap"
"430","smilodonichthys","Blitz the Gap"
"431","sonya_mann","Blitz the Gap"
"432","sophskies","Blitz the Gap"
"433","spencerh17","Blitz the Gap"
"434","splourde88","Blitz the Gap"
"435","srussell13","Blitz the Gap"
"436","sspeer","Blitz the Gap"
"437","sstarkweather","Blitz the Gap"
"438","stasha_lys","Blitz the Gap"
"439","stefan_haag","Blitz the Gap"
"440","stefka44","Blitz the Gap"
"441","stephbrulot","CWF Bioblitzes"
"442","stephenresearch","Blitz the Gap"
"443","stijn","Blitz the Gap"
"444","suburbanchild","Blitz the Gap"
"445","surprisedpikachu","QCBS Grantees"
"446","svbuck","Blitz the Gap"
"447","swine","Blitz the Gap"
"448","szhang","Blitz the Gap"
"449","tamaramcphail","Blitz the Gap"
"450","tanya310","Campus Nature Challenge"
"451","tarajeles","Blitz the Gap"
"452","tedii","Blitz the Gap"
"453","teriyakiturtle","Blitz the Gap"
"454","terryfic","Blitz the Gap"
"455","tessaserry","Blitz the Gap"
"456","the_great_jack_a_lope","Blitz the Gap"
"457","theacebookworm","Blitz the Gap"
"458","theangiepie","Blitz the Gap"
"459","theo_fregefond","Blitz the Gap"
"460","therapsid74","Blitz the Gap"
"461","thomasstan_","Blitz the Gap"
"462","tloh2","Blitz the Gap"
"463","tompoleski","Blitz the Gap"
"464","tovihessi","Blitz the Gap"
"465","tracey34","Blitz the Gap"
"466","tycolvin","QCBS Grantees"
"467","upupa-epops","Blitz the Gap"
"468","user182930","Blitz the Gap"
"469","usoihe","Blitz the Gap"
"470","v_dm","Blitz the Gap"
"471","van-nova","Blitz the Gap"
"472","vcbull","Blitz the Gap"
"473","vgagnon","Blitz the Gap"
"474","vhexarex","Blitz the Gap"
"475","victor85","Blitz the Gap"
"476","vincentlaurie","QCBS Grantees"
"477","wconey","Blitz the Gap"
"478","wendyrobins","Blitz the Gap"
"479","wild_things","Blitz the Gap"
"480","windstonefarm","Blitz the Gap"
"481","windsweptguy","Blitz the Gap"
"482","wsmum","Blitz the Gap"
"483","xharliei","Blitz the Gap"
"484","xoabird","Blitz the Gap"
"485","xtopheb","Blitz the Gap"
"486","yanick71646","Blitz the Gap"
"487","yannzhang","Blitz the Gap"
"488","yecatstacey","Blitz the Gap"
"489","ymmjpd","Blitz the Gap"
"490","youngryan9","Blitz the Gap"
"491","yveltal","Blitz the Gap"
"492","yvricard","Blitz the Gap"
"493","zacharymilosmoore","Blitz the Gap"
"494","zacode","Blitz the Gap"
"495","zoe_unruh","Blitz the Gap"
"496","zova","Blitz the Gap"
"497","alisonnorthup","BC Biodiversity"
"498","arianne35","BC Biodiversity 2025 Team"
"499","beeworldly","BC Biodiversity"
"500","bradenjudson","BC Biodiversity 2025 Team"
"501","bridgetspencer","BC Biodiversity"
"502","celestekieran","BC Biodiversity"
"503","chrisfluit","BC Biodiversity 2025 Team"
"504","cwardrop","BC Biodiversity 2025 Team"
"505","dbltucker","BC Biodiversity 2025 Team"
"506","ejpendray","BC Biodiversity"
"507","ellyne","BC Biodiversity"
"508","eullstrom","BC Biodiversity"
"509","fmcghee","BC Biodiversity"
"510","genevievereynolds","BC Biodiversity"
"511","hydaticus","BC Biodiversity"
"512","jbindernagel","BC Biodiversity 2025 Team"
"513","juliakcarr","BC Biodiversity"
"514","katemckeown","BC Biodiversity"
"515","katiekushneryk","BC Biodiversity"
"516","kg-","BC Biodiversity"
"517","mmund","GCB Grantees"
"518","quillipede","BC Biodiversity 2025 Team"
"519","rambryum","BC Biodiversity 2025 Team"
"520","shanebustapbj","BC Biodiversity"
"521","shawnb2","BC Biodiversity 2025 Team"
"522","slownature","BC Biodiversity"
"523","thomasbarbin","GCB Grantees"
"524","thyg","BC Biodiversity"
"525","isaaceckert","QCBS Grantees"
"526","laura345","QCBS Grantees"
"527","fionasoper","QCBS Grantees"
"528","sofiaquijada","QCBS Grantees"
"529","RachelBuc","QCBS Grantees"
"530","katnelson505","QCBS Grantees"
"531","ana_catarina_avila","QCBS Grantees"
"532","spencer_s","QCBS Grantees"
"533","ericpedersen","QCBS Grantees"
"534","amagregz","QCBS Grantees"
"535","sandermg","QCBS Grantees"
"536","rosa_alicia","QCBS Grantees"
"537","moses41600","QCBS Grantees"
"538","snigdho4241","QCBS Grantees"
"539","mikaelaswildlife","QCBS Grantees"
"540","alex49744","QCBS Grantees"
"541","the_dirtman","QCBS Grantees"
"542","essivi","QCBS Grantees"
"543","karima__lafore","QCBS Grantees"
"544","Gab_bibeau","QCBS Grantees"
"545","canislupusalbus","QCBS Grantees"
"546","Mycocentriq","QCBS Grantees"
"547","MargoMango","QCBS Grantees"
"548","aryanmc","QCBS Grantees"
"549","veronicagroves","QCBS Grantees"
"550","ivanakomendic","QCBS Grantees"
"551","briellecomartin3","QCBS Grantees"
"552","elacroix-carignan","QCBS Grantees"
"553","letourneau_f","QCBS Grantees"
"554","marc_aurele","QCBS Grantees"
"555","elbourret","QCBS Grantees"
"556","carolebeauchesne","QCBS Grantees"
"557","selenabergeron","QCBS Grantees"
"558","villtom","QCBS Grantees"
"559","marpoulin","QCBS Grantees"
"560","oligirouard","QCBS Grantees"
"561","maurane2","QCBS Grantees"
"562","fbanville","QCBS Grantees"
"563","houlemarianne","QCBS Grantees"
"564","beasley015","QCBS Grantees"
"565","ast-jean","QCBS Grantees"
"566","philippeblier","QCBS Grantees"
"567","gabrielle355","QCBS Grantees"
"568","sabina87533","QCBS Grantees"
"569","nicolascote","QCBS Grantees"
"570","tristankolla","QCBS Grantees"
"571","sam_dizon23","QCBS Grantees"
"572","aassmar","QCBS Grantees"
"573","daoanran","QCBS Grantees"
"574","stephanie_ggn","QCBS Grantees"
"575","ruisiyang","QCBS Grantees"
"576","abrunet27","QCBS Grantees"
"577","mackenzie268","QCBS Grantees"
"578","johaarn","QCBS Grantees"
"579","nieoleyu","QCBS Grantees"
"580","sarki009","QCBS Grantees"
"581","emmasbacon","QCBS Grantees"
"582","otternonsense","QCBS Grantees"
"583","cziter","QCBS Grantees"
"584","ndavidai","QCBS Grantees"
"585","talvezpao","QCBS Grantees"
"586","jakealawlor","QCBS Grantees"
"587","miguelfelismino","QCBS Grantees"
"588","derek_duplessis","QCBS Grantees"
"589","julia-goss","QCBS Grantees"
"590","raphaelle_houtart","QCBS Grantees"
"591","alexanderlevesque","QCBS Grantees"
"592","jordi_vilanova","QCBS Grantees"
"593","alin47","QCBS Grantees"
"594","carloslopezmanzano","QCBS Grantees"
"595","schmootwo","QCBS Grantees"
"596","biolrodrigoarce","QCBS Grantees"
"597","natasha_letourneau","QCBS Grantees"
"598","gabeagool","QCBS Grantees"
"599","baba_5505","QCBS Grantees"
"600","jen28665","QCBS Grantees"
"601","lucascuffaro","QCBS Grantees"
"602","melisandec","QCBS Grantees"
"603","ariitini_bauduin","QCBS Grantees"
"604","sarahcrt","QCBS Grantees"
"605","oridgen10","GCB Grantees"
"606","olivier_herlin","GCB Grantees"
"607","nolanwood","GCB Grantees"
"608","dccopley","GCB Grantees"
"609","parzudak","GCB Grantees"
"610","alyanalalani","GCB Grantees"
"611","cwf_max","GCB Grantees"
"612","foragerfae13","GCB Grantees"
"613","aa_ouin","CWF Bioblitzes"
"614","aanyagandhi","CWF Bioblitzes"
"615","aaronsafari","CWF Bioblitzes"
"616","abbyflather","CWF Bioblitzes"
"617","abelanger27","CWF Bioblitzes"
"618","aberriok","CWF Bioblitzes"
"619","adanis","CWF Bioblitzes"
"620","addison_04","CWF Bioblitzes"
"621","afley","CWF Bioblitzes"
"622","agatec","CWF Bioblitzes"
"623","agbelliveau","CWF Bioblitzes"
"624","aherrrmann","CWF Bioblitzes"
"625","aimeehstp","CWF Bioblitzes"
"626","aislyn194","CWF Bioblitzes"
"627","ajasmine","CWF Bioblitzes"
"628","ajcomtois","CWF Bioblitzes"
"629","akipenser","CWF Bioblitzes"
"630","akshat_shah1","CWF Bioblitzes"
"631","aleclightwood","CWF Bioblitzes"
"632","aleksandermell","CWF Bioblitzes"
"633","alexvbiology","CWF Bioblitzes"
"634","almondsoda","CWF Bioblitzes"
"635","altispinax23","CWF Bioblitzes"
"636","alyssiagentile11","CWF Bioblitzes"
"637","amaan7","CWF Bioblitzes"
"638","amanda_tracy","CWF Bioblitzes"
"639","amazonne","CWF Bioblitzes"
"640","amber_mays","CWF Bioblitzes"
"641","amelia78384","CWF Bioblitzes"
"642","ameliacisnero","CWF Bioblitzes"
"643","aminahr","CWF Bioblitzes"
"644","ando_jensen","CWF Bioblitzes"
"645","andrew225","CWF Bioblitzes"
"646","andrew_macdonald2","CWF Bioblitzes"
"647","aneeshskumar","CWF Bioblitzes"
"648","anfrankel","CWF Bioblitzes"
"649","angela85003","CWF Bioblitzes"
"650","anibalhcastillo","CWF Bioblitzes"
"651","annahumm","CWF Bioblitzes"
"652","anneliese-henneberg","CWF Bioblitzes"
"653","ansh6829","CWF Bioblitzes"
"654","antjevl","CWF Bioblitzes"
"655","antymkow","CWF Bioblitzes"
"656","aparkhill","CWF Bioblitzes"
"657","apoudel1","CWF Bioblitzes"
"658","arseniibelosokhov","CWF Bioblitzes"
"659","ashlea03","CWF Bioblitzes"
"660","ashleymugford","CWF Bioblitzes"
"661","astandea2","CWF Bioblitzes"
"662","atownofsunflowers","CWF Bioblitzes"
"663","audrey38403","CWF Bioblitzes"
"664","austin_aal","CWF Bioblitzes"
"665","avabelrose","CWF Bioblitzes"
"666","avswall","CWF Bioblitzes"
"667","awri","CWF Bioblitzes"
"668","aycoady","CWF Bioblitzes"
"669","b2thed","CWF Bioblitzes"
"670","babzrobinson","CWF Bioblitzes"
"671","balinok","CWF Bioblitzes"
"672","barrettmatt","CWF Bioblitzes"
"673","bashirm","CWF Bioblitzes"
"674","bautistaally","CWF Bioblitzes"
"675","bbrake1","CWF Bioblitzes"
"676","beekind2trees","CWF Bioblitzes"
"677","benna2","CWF Bioblitzes"
"678","ber3201","CWF Bioblitzes"
"679","bhartsho1","CWF Bioblitzes"
"680","biology_girl","CWF Bioblitzes"
"681","birbiri","CWF Bioblitzes"
"682","bjean","CWF Bioblitzes"
"683","blueskydragon16","CWF Bioblitzes"
"684","bnickle","CWF Bioblitzes"
"685","bobkennedy","CWF Bioblitzes"
"686","boisnoir","CWF Bioblitzes"
"687","bpogson","CWF Bioblitzes"
"688","bradleyfishes","CWF Bioblitzes"
"689","braedenkelly","CWF Bioblitzes"
"690","bre_ad","CWF Bioblitzes"
"691","brettkerley","CWF Bioblitzes"
"692","brian88989","CWF Bioblitzes"
"693","brooke_biologist","CWF Bioblitzes"
"694","brooklync73","CWF Bioblitzes"
"695","brooklyngosbee","CWF Bioblitzes"
"696","brunerdvm","CWF Bioblitzes"
"697","bryophyro","CWF Bioblitzes"
"698","budofbees","CWF Bioblitzes"
"699","burrowburrow","CWF Bioblitzes"
"700","cailinmckay","CWF Bioblitzes"
"701","caitlin00brown","CWF Bioblitzes"
"702","carina_coetzer","CWF Bioblitzes"
"703","carmen346","CWF Bioblitzes"
"704","carmen_purewal","CWF Bioblitzes"
"705","carrotlover16","CWF Bioblitzes"
"706","carysmcm","CWF Bioblitzes"
"707","cass_nature","CWF Bioblitzes"
"708","cassidy_o_reilly","CWF Bioblitzes"
"709","caterpillerlover","CWF Bioblitzes"
"710","catrin-mary-anderson","CWF Bioblitzes"
"711","catrionelee","CWF Bioblitzes"
"712","caviola","CWF Bioblitzes"
"713","cbkav","CWF Bioblitzes"
"714","cela88","CWF Bioblitzes"
"715","chadfarthouse92","CWF Bioblitzes"
"716","challeykc","CWF Bioblitzes"
"717","charity60127","CWF Bioblitzes"
"718","chayseen","CWF Bioblitzes"
"719","chef1610","CWF Bioblitzes"
"720","chingsheng","CWF Bioblitzes"
"721","chocolatechipmunk15","CWF Bioblitzes"
"722","chrisearley","CWF Bioblitzes"
"723","christawise","CWF Bioblitzes"
"724","christian80554","CWF Bioblitzes"
"725","ckg88","CWF Bioblitzes"
"726","clburke","CWF Bioblitzes"
"727","cmerebirdiebirdie","CWF Bioblitzes"
"728","cowmeat","CWF Bioblitzes"
"729","cranerk","CWF Bioblitzes"
"730","crayon_juice","CWF Bioblitzes"
"731","creature_report","CWF Bioblitzes"
"732","da84aa","CWF Bioblitzes"
"733","da_chirp","CWF Bioblitzes"
"734","dalebro","CWF Bioblitzes"
"735","dana64085","CWF Bioblitzes"
"736","darkam","CWF Bioblitzes"
"737","david40105","CWF Bioblitzes"
"738","daybc","CWF Bioblitzes"
"739","db_kathrin","CWF Bioblitzes"
"740","deinops","CWF Bioblitzes"
"741","delward","CWF Bioblitzes"
"742","devilcactus66","CWF Bioblitzes"
"743","devjohnstone","CWF Bioblitzes"
"744","devon39591","CWF Bioblitzes"
"745","devyn_smith","CWF Bioblitzes"
"746","dgobs","CWF Bioblitzes"
"747","dickcannings","CWF Bioblitzes"
"748","dominiquejames","CWF Bioblitzes"
"749","doorchen","CWF Bioblitzes"
"750","dorscht24","CWF Bioblitzes"
"751","drroy","CWF Bioblitzes"
"752","duanewdiehl","CWF Bioblitzes"
"753","ducksoup10","CWF Bioblitzes"
"754","echocreek","CWF Bioblitzes"
"755","ecologyrockstar","CWF Bioblitzes"
"756","elcockm","CWF Bioblitzes"
"757","elisad13","CWF Bioblitzes"
"758","elliotty","CWF Bioblitzes"
"759","elya2","CWF Bioblitzes"
"760","emily_quirke","CWF Bioblitzes"
"761","emma_anne","CWF Bioblitzes"
"762","entochick","CWF Bioblitzes"
"763","erica44915","CWF Bioblitzes"
"764","explore_wildlife","CWF Bioblitzes"
"765","eyeofheaven","CWF Bioblitzes"
"766","faith-grant","CWF Bioblitzes"
"767","farmerkrista","CWF Bioblitzes"
"768","fatima0192","CWF Bioblitzes"
"769","fatimasyeda05","CWF Bioblitzes"
"770","felicityb32","CWF Bioblitzes"
"771","finch12","CWF Bioblitzes"
"772","finnnger","CWF Bioblitzes"
"773","fionaspitzig","CWF Bioblitzes"
"774","flahertyadhillon","CWF Bioblitzes"
"775","flanglois","CWF Bioblitzes"
"776","flora_art","CWF Bioblitzes"
"777","flyersmith","CWF Bioblitzes"
"778","forestentchad","CWF Bioblitzes"
"779","forgd","CWF Bioblitzes"
"780","fortheloveofmoths","CWF Bioblitzes"
"781","francesca_ahhh","CWF Bioblitzes"
"782","francis_stockel","CWF Bioblitzes"
"783","fredojusto","CWF Bioblitzes"
"784","frog_warrior","CWF Bioblitzes"
"785","froggydeeeeee","CWF Bioblitzes"
"786","fromandan","CWF Bioblitzes"
"787","g_buck","CWF Bioblitzes"
"788","gabrielrm","CWF Bioblitzes"
"789","gardeningwriter","CWF Bioblitzes"
"790","gavinguo","CWF Bioblitzes"
"791","geeseses","CWF Bioblitzes"
"792","gemmatarling","CWF Bioblitzes"
"793","geralddeschain","CWF Bioblitzes"
"794","gizzymotto","CWF Bioblitzes"
"795","glutick","CWF Bioblitzes"
"796","gmagnus","CWF Bioblitzes"
"797","gmzagorsk","CWF Bioblitzes"
"798","goatnotes","CWF Bioblitzes"
"799","goblinthing","CWF Bioblitzes"
"800","gpohl","CWF Bioblitzes"
"801","gracerosa","CWF Bioblitzes"
"802","graciechestney","CWF Bioblitzes"
"803","greenmarie","CWF Bioblitzes"
"804","gregorysk","CWF Bioblitzes"
"805","gspadoni","CWF Bioblitzes"
"806","gyobad","CWF Bioblitzes"
"807","h1d34w4y","CWF Bioblitzes"
"808","hannah32682","CWF Bioblitzes"
"809","hannia86817","CWF Bioblitzes"
"810","harvert22","CWF Bioblitzes"
"811","haybear29","CWF Bioblitzes"
"812","hayleh","CWF Bioblitzes"
"813","helenbee","CWF Bioblitzes"
"814","helenspencernl","CWF Bioblitzes"
"815","humanbean02","CWF Bioblitzes"
"816","iammaeve","CWF Bioblitzes"
"817","ieatdirt500","CWF Bioblitzes"
"818","ijunco","CWF Bioblitzes"
"819","infiniteduplicate","CWF Bioblitzes"
"820","ingvildriska","CWF Bioblitzes"
"821","isabellalang","CWF Bioblitzes"
"822","isabellecf","CWF Bioblitzes"
"823","isalinesmyth","CWF Bioblitzes"
"824","ischmelzer","CWF Bioblitzes"
"825","istasiulis","CWF Bioblitzes"
"826","j_38773","CWF Bioblitzes"
"827","j_hettinga","CWF Bioblitzes"
"828","jack37469","CWF Bioblitzes"
"829","jada74371","CWF Bioblitzes"
"830","jaiden93377","CWF Bioblitzes"
"831","jamesalexander","CWF Bioblitzes"
"832","jan_thornhill","CWF Bioblitzes"
"833","janisel","CWF Bioblitzes"
"834","janna_w","CWF Bioblitzes"
"835","jbordin","CWF Bioblitzes"
"836","jd153d","CWF Bioblitzes"
"837","jeannemdl","CWF Bioblitzes"
"838","jessiaber","CWF Bioblitzes"
"839","jessicaisacat","CWF Bioblitzes"
"840","jessicakelndorfer","CWF Bioblitzes"
"841","jflupton","CWF Bioblitzes"
"842","jijoyce98","CWF Bioblitzes"
"843","jilagan14","CWF Bioblitzes"
"844","jimmybean","CWF Bioblitzes"
"845","jjodii","CWF Bioblitzes"
"846","jjpg","CWF Bioblitzes"
"847","jkaseman18","CWF Bioblitzes"
"848","jmarmand","CWF Bioblitzes"
"849","jmdr","CWF Bioblitzes"
"850","jmurphy246","CWF Bioblitzes"
"851","joanna16685","CWF Bioblitzes"
"852","joe9806","CWF Bioblitzes"
"853","johnbrazner","CWF Bioblitzes"
"854","jordan5005","CWF Bioblitzes"
"855","jordan616","CWF Bioblitzes"
"856","joseph_l","CWF Bioblitzes"
"857","jr_mac_1035","CWF Bioblitzes"
"858","judeslater8611","CWF Bioblitzes"
"859","juliannhealey","CWF Bioblitzes"
"860","juliehuntington","CWF Bioblitzes"
"861","juncojams","CWF Bioblitzes"
"862","kachenbach","CWF Bioblitzes"
"863","kaitfancy","CWF Bioblitzes"
"864","kaizanami","CWF Bioblitzes"
"865","kalenrc","CWF Bioblitzes"
"866","kallummcdonald","CWF Bioblitzes"
"867","kate_yang__","CWF Bioblitzes"
"868","katelab","CWF Bioblitzes"
"869","katelukeman","CWF Bioblitzes"
"870","kathrush","CWF Bioblitzes"
"871","kayizi","CWF Bioblitzes"
"872","kdriscoll","CWF Bioblitzes"
"873","kemorley","CWF Bioblitzes"
"874","kevin_butt","CWF Bioblitzes"
"875","kevingp","CWF Bioblitzes"
"876","khalidn3","CWF Bioblitzes"
"877","kimdunphy","CWF Bioblitzes"
"878","kirstengallant","CWF Bioblitzes"
"879","kjrobinson","CWF Bioblitzes"
"880","kjudge","CWF Bioblitzes"
"881","klosaw","CWF Bioblitzes"
"882","kls0322","CWF Bioblitzes"
"883","kpd82","CWF Bioblitzes"
"884","krispykris03","CWF Bioblitzes"
"885","kristaonthemountan","CWF Bioblitzes"
"886","kristen522","CWF Bioblitzes"
"887","kristy11","CWF Bioblitzes"
"888","l4nah","CWF Bioblitzes"
"889","l_milo","CWF Bioblitzes"
"890","lainey_saunders","CWF Bioblitzes"
"891","lakhrame","CWF Bioblitzes"
"892","laura_craft","CWF Bioblitzes"
"893","laurasaunders18","CWF Bioblitzes"
"894","leah599","CWF Bioblitzes"
"895","lemonmink","CWF Bioblitzes"
"896","lilyanne_foster","CWF Bioblitzes"
"897","lindsay68128","CWF Bioblitzes"
"898","lisa0419","CWF Bioblitzes"
"899","little_blue_heron","CWF Bioblitzes"
"900","livia28842","CWF Bioblitzes"
"901","lochpipi","CWF Bioblitzes"
"902","loganjlbradley","CWF Bioblitzes"
"903","lookingglass","CWF Bioblitzes"
"904","lrswan","CWF Bioblitzes"
"905","lvilleneff","CWF Bioblitzes"
"906","lynnlauwers","CWF Bioblitzes"
"907","lyr-is-lichen-it","CWF Bioblitzes"
"908","mackenzie-j","CWF Bioblitzes"
"909","macklooksatstuff","CWF Bioblitzes"
"910","madcat91","CWF Bioblitzes"
"911","maddy_sampson","CWF Bioblitzes"
"912","madelyn58023","CWF Bioblitzes"
"913","mae_028","CWF Bioblitzes"
"914","mama_dharma","CWF Bioblitzes"
"915","marilynswaby","CWF Bioblitzes"
"916","marmis","CWF Bioblitzes"
"917","martinejav","CWF Bioblitzes"
"918","maryinmars","CWF Bioblitzes"
"919","matthew86187","CWF Bioblitzes"
"920","matthias22","CWF Bioblitzes"
"921","maverick94367","CWF Bioblitzes"
"922","maya49345","CWF Bioblitzes"
"923","maya73173","CWF Bioblitzes"
"924","mduckling","CWF Bioblitzes"
"925","meggall875","CWF Bioblitzes"
"926","micah59150","CWF Bioblitzes"
"927","miguel39614","CWF Bioblitzes"
"928","millerj25","CWF Bioblitzes"
"929","mitcholsen","CWF Bioblitzes"
"930","mizz_heatha","CWF Bioblitzes"
"931","mkcarpenter","CWF Bioblitzes"
"932","monique13561","CWF Bioblitzes"
"933","morgan17085","CWF Bioblitzes"
"934","mpenney","CWF Bioblitzes"
"935","msexplores","CWF Bioblitzes"
"936","murderzeppelin","CWF Bioblitzes"
"937","mutaheram","CWF Bioblitzes"
"938","myaroach","CWF Bioblitzes"
"939","mycoastro","CWF Bioblitzes"
"940","natalia_gala","CWF Bioblitzes"
"941","natalie_n_nature","CWF Bioblitzes"
"942","natalie_parsons","CWF Bioblitzes"
"943","natasharees","CWF Bioblitzes"
"944","nati48","CWF Bioblitzes"
"945","naturalist124363","CWF Bioblitzes"
"946","nature_asian","CWF Bioblitzes"
"947","naturenickpics","CWF Bioblitzes"
"948","nauglej","CWF Bioblitzes"
"949","ne03m0","CWF Bioblitzes"
"950","neil6383","CWF Bioblitzes"
"951","newfie1","CWF Bioblitzes"
"952","nickknutson","CWF Bioblitzes"
"953","nickynanc","CWF Bioblitzes"
"954","nikolas94","CWF Bioblitzes"
"955","nina49376","CWF Bioblitzes"
"956","ninajunk","CWF Bioblitzes"
"957","nixieolivia","CWF Bioblitzes"
"958","noah_mcintyre","CWF Bioblitzes"
"959","noah_mcmullen","CWF Bioblitzes"
"960","noahphillips","CWF Bioblitzes"
"961","nonaya","CWF Bioblitzes"
"962","noodlecrayon","CWF Bioblitzes"
"963","norbertpalooza","CWF Bioblitzes"
"964","nowaln","CWF Bioblitzes"
"965","nyhofs","CWF Bioblitzes"
"966","olevert","CWF Bioblitzes"
"967","oloktaev","CWF Bioblitzes"
"968","operating_potato","CWF Bioblitzes"
"969","oscarjarsky","CWF Bioblitzes"
"970","ottleys","CWF Bioblitzes"
"971","ouedraogoi","CWF Bioblitzes"
"972","ozandlu","CWF Bioblitzes"
"973","patrickgoa","CWF Bioblitzes"
"974","payton51918","CWF Bioblitzes"
"975","pennycanoe","CWF Bioblitzes"
"976","pennyjag","CWF Bioblitzes"
"977","pepe_rodriguez","CWF Bioblitzes"
"978","petalpusherr","CWF Bioblitzes"
"979","peteryu1","CWF Bioblitzes"
"980","peygeon","CWF Bioblitzes"
"981","physicsdave","CWF Bioblitzes"
"982","pimsixl","CWF Bioblitzes"
"983","polarbear2024","CWF Bioblitzes"
"984","priyadhillon","CWF Bioblitzes"
"985","psokoloff","CWF Bioblitzes"
"986","ptpayson","CWF Bioblitzes"
"987","pudgythegudge","CWF Bioblitzes"
"988","pyperjoy","CWF Bioblitzes"
"989","qednesdate","CWF Bioblitzes"
"990","qiandaizi","CWF Bioblitzes"
"991","rachel_swenie","CWF Bioblitzes"
"992","radama","CWF Bioblitzes"
"993","raddad","CWF Bioblitzes"
"994","radicalice","CWF Bioblitzes"
"995","rainyd42","CWF Bioblitzes"
"996","rangerg10","CWF Bioblitzes"
"997","rdclugston","CWF Bioblitzes"
"998","rebecca_barkhouse","CWF Bioblitzes"
"999","rebecca_calder","CWF Bioblitzes"
"1000","redan1","CWF Bioblitzes"
"1001","redherron","CWF Bioblitzes"
"1002","reese_jolicoeur","CWF Bioblitzes"
"1003","relativelyfungi9","CWF Bioblitzes"
"1004","reynolds33","CWF Bioblitzes"
"1005","rfdgrs","CWF Bioblitzes"
"1006","rgregory2456","CWF Bioblitzes"
"1007","rio_espena","CWF Bioblitzes"
"1008","riobservesthings","CWF Bioblitzes"
"1009","rissalev2234","CWF Bioblitzes"
"1010","rlabelle","CWF Bioblitzes"
"1011","roanan_d","CWF Bioblitzes"
"1012","robertgbrown","CWF Bioblitzes"
"1013","robidium","CWF Bioblitzes"
"1014","rosep3","CWF Bioblitzes"
"1015","roslyn_acosta","CWF Bioblitzes"
"1016","rrfc","CWF Bioblitzes"
"1017","rwinslow12345","CWF Bioblitzes"
"1018","rylansmig","CWF Bioblitzes"
"1019","ryrudy","CWF Bioblitzes"
"1020","sabinemd","CWF Bioblitzes"
"1021","sagekuehn","CWF Bioblitzes"
"1022","sahina1","CWF Bioblitzes"
"1023","saja41391","CWF Bioblitzes"
"1024","saltmarsh2","CWF Bioblitzes"
"1025","sam_jean","CWF Bioblitzes"
"1026","samdubeau","CWF Bioblitzes"
"1027","sancic","CWF Bioblitzes"
"1028","sandhud25","CWF Bioblitzes"
"1029","sandwich","CWF Bioblitzes"
"1030","sarah_33","CWF Bioblitzes"
"1031","sarahletourneau","CWF Bioblitzes"
"1032","sarahlively","CWF Bioblitzes"
"1033","sarahwilkie","CWF Bioblitzes"
"1034","sav_spi","CWF Bioblitzes"
"1035","savannahxiao","CWF Bioblitzes"
"1036","schmeather","CWF Bioblitzes"
"1037","scotian25","CWF Bioblitzes"
"1038","scott1272","CWF Bioblitzes"
"1039","scottdwilson","CWF Bioblitzes"
"1040","scottmacauley","CWF Bioblitzes"
"1041","sdsoutthere","CWF Bioblitzes"
"1042","selena_benjamin","CWF Bioblitzes"
"1043","semple","CWF Bioblitzes"
"1044","serena2412","CWF Bioblitzes"
"1045","sev_envs","CWF Bioblitzes"
"1046","shaunaforrestall","CWF Bioblitzes"
"1047","shaylee53653","CWF Bioblitzes"
"1048","sheilamax","CWF Bioblitzes"
"1049","sher12","CWF Bioblitzes"
"1050","shermchar","CWF Bioblitzes"
"1051","shirleym2004","CWF Bioblitzes"
"1052","siennahorodecki","CWF Bioblitzes"
"1053","siennak23","CWF Bioblitzes"
"1054","simon4049","CWF Bioblitzes"
"1055","skei","CWF Bioblitzes"
"1056","skitty27","CWF Bioblitzes"
"1057","smacnay","CWF Bioblitzes"
"1058","smdeals","CWF Bioblitzes"
"1059","solakono","CWF Bioblitzes"
"1060","sophie0212","CWF Bioblitzes"
"1061","souzanne","CWF Bioblitzes"
"1062","splendid_jelly","CWF Bioblitzes"
"1063","sstarratt999","CWF Bioblitzes"
"1064","starblood","CWF Bioblitzes"
"1065","stockfalcon","CWF Bioblitzes"
"1066","summersidediver","CWF Bioblitzes"
"1067","sunny1459","CWF Bioblitzes"
"1068","susanna47882","CWF Bioblitzes"
"1069","swampcandle","CWF Bioblitzes"
"1070","sydcoy","CWF Bioblitzes"
"1071","sydneycan","CWF Bioblitzes"
"1072","taegan_trout","CWF Bioblitzes"
"1073","tanaz1","CWF Bioblitzes"
"1074","tandis","CWF Bioblitzes"
"1075","tankade","CWF Bioblitzes"
"1076","tatianagolwalla","CWF Bioblitzes"
"1077","tedmond1","CWF Bioblitzes"
"1078","terriblereptiles77","CWF Bioblitzes"
"1079","tess_6","CWF Bioblitzes"
"1080","tessbk05","CWF Bioblitzes"
"1081","thatkidash","CWF Bioblitzes"
"1082","the-creature","CWF Bioblitzes"
"1083","theamarti","CWF Bioblitzes"
"1084","thelonehick","CWF Bioblitzes"
"1085","thomas69198","CWF Bioblitzes"
"1086","thomas_lewis3","CWF Bioblitzes"
"1087","thomaslomdaridze","CWF Bioblitzes"
"1088","trainee80","CWF Bioblitzes"
"1089","travis33093","CWF Bioblitzes"
"1090","troulston","CWF Bioblitzes"
"1091","tschuss","CWF Bioblitzes"
"1092","tsmcenery","CWF Bioblitzes"
"1093","tuyetnhut","CWF Bioblitzes"
"1094","tybudreau","CWF Bioblitzes"
"1095","udhaysekhon","CWF Bioblitzes"
"1096","v_moss","CWF Bioblitzes"
"1097","vanshipatel","CWF Bioblitzes"
"1098","victorgrivegneedumoulin","CWF Bioblitzes"
"1099","vintagefeverdream","CWF Bioblitzes"
"1100","violetdale","CWF Bioblitzes"
"1101","wags2424","CWF Bioblitzes"
"1102","wakinya","CWF Bioblitzes"
"1103","wandering_tulipp","CWF Bioblitzes"
"1104","wendi_brandon","CWF Bioblitzes"
"1105","wertze","CWF Bioblitzes"
"1106","wf_guider","CWF Bioblitzes"
"1107","wheatyos","CWF Bioblitzes"
"1108","whippet7","CWF Bioblitzes"
"1109","whisperingowl","CWF Bioblitzes"
"1110","wickerte","CWF Bioblitzes"
"1111","wild_free_untamed","CWF Bioblitzes"
"1112","wilka1","CWF Bioblitzes"
"1113","wilysaw","CWF Bioblitzes"
"1114","wisteriawolf16","CWF Bioblitzes"
"1115","wizardkris","CWF Bioblitzes"
"1116","yan_f","CWF Bioblitzes"
"1117","yegbio","CWF Bioblitzes"
"1118","yogurtfamxx","CWF Bioblitzes"
"1119","zack_t","CWF Bioblitzes"
"1120","zedquellen","CWF Bioblitzes"
"1121","zefiren","CWF Bioblitzes"
"1122","zoezonneveld","CWF Bioblitzes"
"1123","zonotrichiaenjoyer","CWF Bioblitzes"
"1124","a_mustaikis","Campus Nature Challenge"
"1125","aapha","Campus Nature Challenge"
"1126","aay_","Campus Nature Challenge"
"1127","abbygale876","Campus Nature Challenge"
"1128","abbyroberts0312513","Campus Nature Challenge"
"1129","abdoul_riche","Campus Nature Challenge"
"1130","abimat","Campus Nature Challenge"
"1131","abyberube","Campus Nature Challenge"
"1132","acmurphy1","Campus Nature Challenge"
"1133","adamrichard2","Campus Nature Challenge"
"1134","adom_dartey","Campus Nature Challenge"
"1135","aehoeg","Campus Nature Challenge"
"1136","agtardif","Campus Nature Challenge"
"1137","ahnu","Campus Nature Challenge"
"1138","airboss","Campus Nature Challenge"
"1139","ajlee_07","Campus Nature Challenge"
"1140","akumar22","Campus Nature Challenge"
"1141","alainra","Campus Nature Challenge"
"1142","alexa42215","Campus Nature Challenge"
"1143","alexandra_bunge","Campus Nature Challenge"
"1144","alexandre25259","Campus Nature Challenge"
"1145","alexia_durand","Campus Nature Challenge"
"1146","alexiariel","Campus Nature Challenge"
"1147","alexie0303088","Campus Nature Challenge"
"1148","alexism2007","Campus Nature Challenge"
"1149","alexpaquette","Campus Nature Challenge"
"1150","alexpat05","Campus Nature Challenge"
"1151","alicegoup0201","Campus Nature Challenge"
"1152","alicia_matte","Campus Nature Challenge"
"1153","aliciaapl","Campus Nature Challenge"
"1154","aliciames","Campus Nature Challenge"
"1155","alikahnertliveca","Campus Nature Challenge"
"1156","alina_geologist","Campus Nature Challenge"
"1157","aliviagalhotra","Campus Nature Challenge"
"1158","allisonlalla13","Campus Nature Challenge"
"1159","amanthorne","Campus Nature Challenge"
"1160","amber_pelletier","Campus Nature Challenge"
"1161","amelie12879","Campus Nature Challenge"
"1162","amelie_garnier","Campus Nature Challenge"
"1163","amina57318","Campus Nature Challenge"
"1164","amir89462","Campus Nature Challenge"
"1165","amy6093","Campus Nature Challenge"
"1166","anaisbakouri","Campus Nature Challenge"
"1167","andrep53","Campus Nature Challenge"
"1168","andrewmathis","Campus Nature Challenge"
"1169","andyplimer","Campus Nature Challenge"
"1170","ange_n","Campus Nature Challenge"
"1171","angebiakeu","Campus Nature Challenge"
"1172","anika84822","Campus Nature Challenge"
"1173","anna_borealis","Campus Nature Challenge"
"1174","annabanana1717","Campus Nature Challenge"
"1175","annabel_webber","Campus Nature Challenge"
"1176","annaellensa","Campus Nature Challenge"
"1177","anne57824","Campus Nature Challenge"
"1178","annie_bergeron","Campus Nature Challenge"
"1179","annieroch123","Campus Nature Challenge"
"1180","ansh99","Campus Nature Challenge"
"1181","anthony_campitelli","Campus Nature Challenge"
"1182","antoinevilleneuve","Campus Nature Challenge"
"1183","antontin","Campus Nature Challenge"
"1184","apdp","Campus Nature Challenge"
"1185","ariane17047","Campus Nature Challenge"
"1186","ariane2007","Campus Nature Challenge"
"1187","ariane_veelle","Campus Nature Challenge"
"1188","arielled","Campus Nature Challenge"
"1189","ariellewk","Campus Nature Challenge"
"1190","arkaminsky","Campus Nature Challenge"
"1191","arnaudfrgt","Campus Nature Challenge"
"1192","arno_landry","Campus Nature Challenge"
"1193","arthur28963","Campus Nature Challenge"
"1194","arwa_67","Campus Nature Challenge"
"1195","asakent-purcell","Campus Nature Challenge"
"1196","ase8","Campus Nature Challenge"
"1197","asher41991","Campus Nature Challenge"
"1198","asobti","Campus Nature Challenge"
"1199","assiabh","Campus Nature Challenge"
"1200","asyaslazybones","Campus Nature Challenge"
"1201","audree8","Campus Nature Challenge"
"1202","audreygelinass","Campus Nature Challenge"
"1203","audreylaflamme","Campus Nature Challenge"
"1204","augautier","Campus Nature Challenge"
"1205","ava_moore","Campus Nature Challenge"
"1206","avriltiscornia1515","Campus Nature Challenge"
"1207","ayden_villeneuve","Campus Nature Challenge"
"1208","ayeasha","Campus Nature Challenge"
"1209","bakolily","Campus Nature Challenge"
"1210","baptisteferland","Campus Nature Challenge"
"1211","barry4856","Campus Nature Challenge"
"1212","blanche_","Campus Nature Challenge"
"1213","blublubluh","Campus Nature Challenge"
"1214","blueblob","Campus Nature Challenge"
"1215","bmthunder7","Campus Nature Challenge"
"1216","bob-gagner","Campus Nature Challenge"
"1217","boliverz","Campus Nature Challenge"
"1218","boutch225","Campus Nature Challenge"
"1219","brianna_c","Campus Nature Challenge"
"1220","brookeporter","Campus Nature Challenge"
"1221","bryan34035","Campus Nature Challenge"
"1222","bryannika","Campus Nature Challenge"
"1223","brycenthi","Campus Nature Challenge"
"1224","caeleigh","Campus Nature Challenge"
"1225","cafernandes","Campus Nature Challenge"
"1226","callie_paul","Campus Nature Challenge"
"1227","camandree","Campus Nature Challenge"
"1228","cameron_odonnell","Campus Nature Challenge"
"1229","camille_d007","Campus Nature Challenge"
"1230","camillerousseau1","Campus Nature Challenge"
"1231","car_men","Campus Nature Challenge"
"1232","caro_desl","Campus Nature Challenge"
"1233","caroline_ian","Campus Nature Challenge"
"1234","catent","Campus Nature Challenge"
"1235","cath_23","Campus Nature Challenge"
"1236","catherine90963","Campus Nature Challenge"
"1237","catherinepaquet","Campus Nature Challenge"
"1238","ccloutier","Campus Nature Challenge"
"1239","cecilia_guei","Campus Nature Challenge"
"1240","cedarbee","Campus Nature Challenge"
"1241","cedrick_jolicoeur","Campus Nature Challenge"
"1242","cedricksa","Campus Nature Challenge"
"1243","ceferland","Campus Nature Challenge"
"1244","cegillis3646","Campus Nature Challenge"
"1245","celliott","Campus Nature Challenge"
"1246","cgeorge1914","Campus Nature Challenge"
"1247","chanmil","Campus Nature Challenge"
"1248","charles61443","Campus Nature Challenge"
"1249","charles_antoine5","Campus Nature Challenge"
"1250","charles_trudel","Campus Nature Challenge"
"1251","charliesabourin","Campus Nature Challenge"
"1252","charlotte_3253","Campus Nature Challenge"
"1253","chelsea788","Campus Nature Challenge"
"1254","chloe42589","Campus Nature Challenge"
"1255","chloe93316","Campus Nature Challenge"
"1256","christian91851","Campus Nature Challenge"
"1257","christin15","Campus Nature Challenge"
"1258","christina51289","Campus Nature Challenge"
"1259","claudie_b","Campus Nature Challenge"
"1260","clightowler","Campus Nature Challenge"
"1261","clovismarion","Campus Nature Challenge"
"1262","cmpeters2","Campus Nature Challenge"
"1263","cnsimmons","Campus Nature Challenge"
"1264","colechampion","Campus Nature Challenge"
"1265","constanceeeeeeeeeeeeeeeee","Campus Nature Challenge"
"1266","cournoyea","Campus Nature Challenge"
"1267","cristinagorriz","Campus Nature Challenge"
"1268","cypriennp","Campus Nature Challenge"
"1269","dahliabft","Campus Nature Challenge"
"1270","daniel37572","Campus Nature Challenge"
"1271","daniel_leblanc","Campus Nature Challenge"
"1272","david53513","Campus Nature Challenge"
"1273","delia47783","Campus Nature Challenge"
"1274","denia99","Campus Nature Challenge"
"1275","deniz54144","Campus Nature Challenge"
"1276","deslaurshugo","Campus Nature Challenge"
"1277","destinyfrymta","Campus Nature Challenge"
"1278","devtayway","Campus Nature Challenge"
"1279","digiet","Campus Nature Challenge"
"1280","dksharpe25","Campus Nature Challenge"
"1281","dolanbohnert","Campus Nature Challenge"
"1282","dominique82812","Campus Nature Challenge"
"1283","doris_potter","Campus Nature Challenge"
"1284","dragonflyger","Campus Nature Challenge"
"1285","drey598","Campus Nature Challenge"
"1286","eanavarro","Campus Nature Challenge"
"1287","edmcguigan","Campus Nature Challenge"
"1288","ejbreau","Campus Nature Challenge"
"1289","ejharper","Campus Nature Challenge"
"1290","elijah52020","Campus Nature Challenge"
"1291","elio0","Campus Nature Challenge"
"1292","eliselev","Campus Nature Challenge"
"1293","eljael","Campus Nature Challenge"
"1294","ellie1066","Campus Nature Challenge"
"1295","elliebellyjellybean","Campus Nature Challenge"
"1296","elo17die","Campus Nature Challenge"
"1297","elody_paquet","Campus Nature Challenge"
"1298","elsa-m","Campus Nature Challenge"
"1299","emanuel421","Campus Nature Challenge"
"1300","emilydaniels110","Campus Nature Challenge"
"1301","emilyosborne","Campus Nature Challenge"
"1302","emilyturcot","Campus Nature Challenge"
"1303","emma62522","Campus Nature Challenge"
"1304","emma_11","Campus Nature Challenge"
"1305","emmabamboo","Campus Nature Challenge"
"1306","emmabeaudoin","Campus Nature Challenge"
"1307","emmamercier_","Campus Nature Challenge"
"1308","emmanuel84615","Campus Nature Challenge"
"1309","emmanuelle36078","Campus Nature Challenge"
"1310","emmanuelle_719","Campus Nature Challenge"
"1311","emmanuelled","Campus Nature Challenge"
"1312","emmettwhitty","Campus Nature Challenge"
"1313","emosonite","Campus Nature Challenge"
"1314","emy_savard","Campus Nature Challenge"
"1315","enzo_v","Campus Nature Challenge"
"1316","ercheverie","Campus Nature Challenge"
"1317","erickdulac","Campus Nature Challenge"
"1318","erikagagnon","Campus Nature Challenge"
"1319","erowbotham","Campus Nature Challenge"
"1320","estherjmk","Campus Nature Challenge"
"1321","evan88968","Campus Nature Challenge"
"1322","evazein","Campus Nature Challenge"
"1323","evelynec","Campus Nature Challenge"
"1324","evelynelagace","Campus Nature Challenge"
"1325","evescott11","Campus Nature Challenge"
"1326","evpep","Campus Nature Challenge"
"1327","f4083","Campus Nature Challenge"
"1328","felixcharronleclerc","Campus Nature Challenge"
"1329","felixjomphe","Campus Nature Challenge"
"1330","ferdaous_ammar","Campus Nature Challenge"
"1331","ferris1","Campus Nature Challenge"
"1332","firstname8","Campus Nature Challenge"
"1333","florence37036","Campus Nature Challenge"
"1334","francisrzeitoun","Campus Nature Challenge"
"1335","franstephens","Campus Nature Challenge"
"1336","franzipop5","Campus Nature Challenge"
"1337","freakycrow","Campus Nature Challenge"
"1338","freakytony","Campus Nature Challenge"
"1339","frederique66870","Campus Nature Challenge"
"1340","frederique_normand","Campus Nature Challenge"
"1341","frederiquehamel","Campus Nature Challenge"
"1342","gaallison_25","Campus Nature Challenge"
"1343","gabboilard","Campus Nature Challenge"
"1344","gabmoffett","Campus Nature Challenge"
"1345","gabnormand","Campus Nature Challenge"
"1346","gabrieguo","Campus Nature Challenge"
"1347","gabriel28842","Campus Nature Challenge"
"1348","gabriel_lajeunesse","Campus Nature Challenge"
"1349","gabriellebrochu","Campus Nature Challenge"
"1350","gabriellemercier","Campus Nature Challenge"
"1351","gabrielvill","Campus Nature Challenge"
"1352","gabryelle3","Campus Nature Challenge"
"1353","gabryelle_malenfant","Campus Nature Challenge"
"1354","gae-0749631169","Campus Nature Challenge"
"1355","gallinule","Campus Nature Challenge"
"1356","garden_lover","Campus Nature Challenge"
"1357","gcarrier","Campus Nature Challenge"
"1358","genbisson","Campus Nature Challenge"
"1359","geneve_perrault","Campus Nature Challenge"
"1360","genevieve14413","Campus Nature Challenge"
"1361","genji9000","Campus Nature Challenge"
"1362","gensauvage","Campus Nature Challenge"
"1363","gianlucad","Campus Nature Challenge"
"1364","gloria_baldwin","Campus Nature Challenge"
"1365","goosemoose8","Campus Nature Challenge"
"1366","grace-b-l4","Campus Nature Challenge"
"1367","gracebrisbin","Campus Nature Challenge"
"1368","gregorydwy","Campus Nature Challenge"
"1369","grev16","Campus Nature Challenge"
"1370","guigui821","Campus Nature Challenge"
"1371","h_lazaris","Campus Nature Challenge"
"1372","hana_tran","Campus Nature Challenge"
"1373","hannahsolbak","Campus Nature Challenge"
"1374","haydenm0723","Campus Nature Challenge"
"1375","heliangelus","Campus Nature Challenge"
"1376","hgstewart","Campus Nature Challenge"
"1377","hmaya","Campus Nature Challenge"
"1378","hsaumure","Campus Nature Challenge"
"1379","hugomrod","Campus Nature Challenge"
"1380","ianconroy","Campus Nature Challenge"
"1381","iansteelmatheson","Campus Nature Challenge"
"1382","ijcomeau","Campus Nature Challenge"
"1383","imaguz","Campus Nature Challenge"
"1384","indymorwood","Campus Nature Challenge"
"1385","inpsych","Campus Nature Challenge"
"1386","isbisnon","Campus Nature Challenge"
"1387","isisdubuisson11","Campus Nature Challenge"
"1388","isoldels","Campus Nature Challenge"
"1389","jabez_lu","Campus Nature Challenge"
"1390","jacinthechimie","Campus Nature Challenge"
"1391","jacksonsibleysomers","Campus Nature Challenge"
"1392","jacob20758","Campus Nature Challenge"
"1393","jacoblg6","Campus Nature Challenge"
"1394","jacques_komi","Campus Nature Challenge"
"1395","jada81514","Campus Nature Challenge"
"1396","jade_co","Campus Nature Challenge"
"1397","jade_wood","Campus Nature Challenge"
"1398","jadenbarney1234","Campus Nature Challenge"
"1399","jadenerandall","Campus Nature Challenge"
"1400","jaksong","Campus Nature Challenge"
"1401","jamiethrooprobinson","Campus Nature Challenge"
"1402","jana2018","Campus Nature Challenge"
"1403","javihp123","Campus Nature Challenge"
"1404","jcormier7","Campus Nature Challenge"
"1405","jdthemaster21","Campus Nature Challenge"
"1406","jean_luc91302","Campus Nature Challenge"
"1407","jerbear96","Campus Nature Challenge"
"1408","jeremie62714","Campus Nature Challenge"
"1409","jeremy_chayer","Campus Nature Challenge"
"1410","jeremythetree","Campus Nature Challenge"
"1411","jerome35860","Campus Nature Challenge"
"1412","jeromeag","Campus Nature Challenge"
"1413","jeslawrence","Campus Nature Challenge"
"1414","jessleb","Campus Nature Challenge"
"1415","jessy49011","Campus Nature Challenge"
"1416","jessye123","Campus Nature Challenge"
"1417","jgatkinson","Campus Nature Challenge"
"1418","jgilby","Campus Nature Challenge"
"1419","jgkoester","Campus Nature Challenge"
"1420","jiabrijwasi","Campus Nature Challenge"
"1421","jjonesdebold","Campus Nature Challenge"
"1422","joelly1","Campus Nature Challenge"
"1423","joice76189","Campus Nature Challenge"
"1424","jolieg8","Campus Nature Challenge"
"1425","jordan_malcolm","Campus Nature Challenge"
"1426","jordynhebert","Campus Nature Challenge"
"1427","josh_clements1","Campus Nature Challenge"
"1428","josieam1","Campus Nature Challenge"
"1429","jotrempe","Campus Nature Challenge"
"1430","julesthebirder","Campus Nature Challenge"
"1431","juliettebthomas","Campus Nature Challenge"
"1432","julio_v","Campus Nature Challenge"
"1433","justin19414","Campus Nature Challenge"
"1434","justin_boulanger","Campus Nature Challenge"
"1435","justinvilleneuve123","Campus Nature Challenge"
"1436","kaimacisaac","Campus Nature Challenge"
"1437","kaisenc","Campus Nature Challenge"
"1438","kalynphipps","Campus Nature Challenge"
"1439","karen56","Campus Nature Challenge"
"1440","karinelim","Campus Nature Challenge"
"1441","kasagaamin","Campus Nature Challenge"
"1442","katepemberton","Campus Nature Challenge"
"1443","katiepurcell","Campus Nature Challenge"
"1444","katlalach","Campus Nature Challenge"
"1445","kayla_trempe-kay","Campus Nature Challenge"
"1446","kcollin","Campus Nature Challenge"
"1447","keifers","Campus Nature Challenge"
"1448","keiran83027","Campus Nature Challenge"
"1449","keithwauthy","Campus Nature Challenge"
"1450","kheirafelix","Campus Nature Challenge"
"1451","kiki93045","Campus Nature Challenge"
"1452","kimberlyj","Campus Nature Challenge"
"1453","kirimoore","Campus Nature Challenge"
"1454","kirmejesse","Campus Nature Challenge"
"1455","kmcarr0225","Campus Nature Challenge"
"1456","kncormier","Campus Nature Challenge"
"1457","knomealone","Campus Nature Challenge"
"1458","kostaglotove","Campus Nature Challenge"
"1459","koullya","Campus Nature Challenge"
"1460","krista_houser","Campus Nature Challenge"
"1461","krs278","Campus Nature Challenge"
"1462","ksli07","Campus Nature Challenge"
"1463","kurosh","Campus Nature Challenge"
"1464","kylie30690","Campus Nature Challenge"
"1465","lady_karou","Campus Nature Challenge"
"1466","laines_13","Campus Nature Challenge"
"1467","lajulianaclaire","Campus Nature Challenge"
"1468","landriana","Campus Nature Challenge"
"1469","lapaterson","Campus Nature Challenge"
"1470","larosev","Campus Nature Challenge"
"1471","lars_lonsmann","Campus Nature Challenge"
"1472","laura80342","Campus Nature Challenge"
"1473","lauralyfrancoeur","Campus Nature Challenge"
"1474","lauren_o_farrell","Campus Nature Challenge"
"1475","laurence15485","Campus Nature Challenge"
"1476","lauriane85421","Campus Nature Challenge"
"1477","laurianem","Campus Nature Challenge"
"1478","lauriannemg12","Campus Nature Challenge"
"1479","lawrie75298","Campus Nature Challenge"
"1480","lcmcevoy1","Campus Nature Challenge"
"1481","lcobrien","Campus Nature Challenge"
"1482","lea52958","Campus Nature Challenge"
"1483","lea_rose1","Campus Nature Challenge"
"1484","leallen","Campus Nature Challenge"
"1485","leande12345","Campus Nature Challenge"
"1486","leanne_lapointe","Campus Nature Challenge"
"1487","lee33652","Campus Nature Challenge"
"1488","leesan123","Campus Nature Challenge"
"1489","legoironman74","Campus Nature Challenge"
"1490","leila555","Campus Nature Challenge"
"1491","leo57444","Campus Nature Challenge"
"1492","leoguy","Campus Nature Challenge"
"1493","leotllz","Campus Nature Challenge"
"1494","lexitayduffy","Campus Nature Challenge"
"1495","leythya_jbc","Campus Nature Challenge"
"1496","lgcook07","Campus Nature Challenge"
"1497","liam73811","Campus Nature Challenge"
"1498","lilianne89191","Campus Nature Challenge"
"1499","lilllyj","Campus Nature Challenge"
"1500","lindsay_caitlin","Campus Nature Challenge"
"1501","liv1327","Campus Nature Challenge"
"1502","lizabarney","Campus Nature Challenge"
"1503","lizabug","Campus Nature Challenge"
"1504","lmorreyhearne","Campus Nature Challenge"
"1505","lombardiella77777","Campus Nature Challenge"
"1506","lord_maximus","Campus Nature Challenge"
"1507","lorry8","Campus Nature Challenge"
"1508","louis_julien","Campus Nature Challenge"
"1509","louisemile32","Campus Nature Challenge"
"1510","louka2763","Campus Nature Challenge"
"1511","ltosborne","Campus Nature Challenge"
"1512","ludovik_desroches","Campus Nature Challenge"
"1513","luis_anderson2","Campus Nature Challenge"
"1514","lydia_f","Campus Nature Challenge"
"1515","lyna3749","Campus Nature Challenge"
"1516","m2747288","Campus Nature Challenge"
"1517","maddyrussell","Campus Nature Challenge"
"1518","madeleinekerr","Campus Nature Challenge"
"1519","madhavimohan","Campus Nature Challenge"
"1520","madmat2","Campus Nature Challenge"
"1521","mae2592770","Campus Nature Challenge"
"1522","maelie5","Campus Nature Challenge"
"1523","maeliecote","Campus Nature Challenge"
"1524","maelieguerin","Campus Nature Challenge"
"1525","maeva010304","Campus Nature Challenge"
"1526","maexchu","Campus Nature Challenge"
"1527","magaliebl","Campus Nature Challenge"
"1528","mainabernard1","Campus Nature Challenge"
"1529","maksym_shchehelskyi","Campus Nature Challenge"
"1530","malikoko","Campus Nature Challenge"
"1531","maloulou123","Campus Nature Challenge"
"1532","marc_antoine51795","Campus Nature Challenge"
"1533","marenhayward","Campus Nature Challenge"
"1534","mariam_youssouf","Campus Nature Challenge"
"1535","marian_hllr","Campus Nature Challenge"
"1536","mariane58043","Campus Nature Challenge"
"1537","marie-baeriswyl","Campus Nature Challenge"
"1538","marie_eve_gagnon_pare","Campus Nature Challenge"
"1539","marie_gauthier9","Campus Nature Challenge"
"1540","marie_lemieux","Campus Nature Challenge"
"1541","mariecaya","Campus Nature Challenge"
"1542","marilievachon","Campus Nature Challenge"
"1543","marisolcotton","Campus Nature Challenge"
"1544","marlon79945","Campus Nature Challenge"
"1545","martin85018","Campus Nature Challenge"
"1546","marylouisestuart","Campus Nature Challenge"
"1547","massimov","Campus Nature Challenge"
"1548","matildejuneau","Campus Nature Challenge"
"1549","matthewbernardo","Campus Nature Challenge"
"1550","maudamy","Campus Nature Challenge"
"1551","maxinedf","Campus Nature Challenge"
"1552","maya73826","Campus Nature Challenge"
"1553","maya75837","Campus Nature Challenge"
"1554","maya_chantigny","Campus Nature Challenge"
"1555","mcartier","Campus Nature Challenge"
"1556","meganmacq","Campus Nature Challenge"
"1557","meghangcoish","Campus Nature Challenge"
"1558","megmoore","Campus Nature Challenge"
"1559","melinarmeilleur","Campus Nature Challenge"
"1560","meredith47400","Campus Nature Challenge"
"1561","mergazayer","Campus Nature Challenge"
"1562","mfilion","Campus Nature Challenge"
"1563","mia_708","Campus Nature Challenge"
"1564","miastar22","Campus Nature Challenge"
"1565","micahliston","Campus Nature Challenge"
"1566","michaellaw1734","Campus Nature Challenge"
"1567","mig_habib","Campus Nature Challenge"
"1568","milanepoirierbilodeau","Campus Nature Challenge"
"1569","milank","Campus Nature Challenge"
"1570","missy40863","Campus Nature Challenge"
"1571","mmnoel","Campus Nature Challenge"
"1572","momkhm","Campus Nature Challenge"
"1573","monty_42","Campus Nature Challenge"
"1574","morekari","Campus Nature Challenge"
"1575","mozenaiav","Campus Nature Challenge"
"1576","mrager","Campus Nature Challenge"
"1577","mtbeaurivage","Campus Nature Challenge"
"1578","muireanlynch","Campus Nature Challenge"
"1579","murphysoilsoap25","Campus Nature Challenge"
"1580","mylo_burr","Campus Nature Challenge"
"1581","mymysisi","Campus Nature Challenge"
"1582","myriam85041","Campus Nature Challenge"
"1583","myriam_bastien2","Campus Nature Challenge"
"1584","n0ag","Campus Nature Challenge"
"1585","nadaach","Campus Nature Challenge"
"1586","nader71636","Campus Nature Challenge"
"1587","nadika16","Campus Nature Challenge"
"1588","natalia_sierraaa","Campus Nature Challenge"
"1589","natasha05","Campus Nature Challenge"
"1590","nathan41643","Campus Nature Challenge"
"1591","nathaniel29212","Campus Nature Challenge"
"1592","nathannnnnn","Campus Nature Challenge"
"1593","nathohayon","Campus Nature Challenge"
"1594","naturalist121489","Campus Nature Challenge"
"1595","nchabot","Campus Nature Challenge"
"1596","nclarke2","Campus Nature Challenge"
"1597","ndroberts","Campus Nature Challenge"
"1598","neila_n","Campus Nature Challenge"
"1599","newestelle","Campus Nature Challenge"
"1600","ngallant","Campus Nature Challenge"
"1601","nicolas37605","Campus Nature Challenge"
"1602","nicole47825","Campus Nature Challenge"
"1603","ninimittens","Campus Nature Challenge"
"1604","ninja44382","Campus Nature Challenge"
"1605","nitig794","Campus Nature Challenge"
"1606","nnupur","Campus Nature Challenge"
"1607","no1natureobserver","Campus Nature Challenge"
"1608","noahmase","Campus Nature Challenge"
"1609","noahp99","Campus Nature Challenge"
"1610","noamduperre","Campus Nature Challenge"
"1611","nyana1","Campus Nature Challenge"
"1612","nzakharova","Campus Nature Challenge"
"1613","nzocegep","Campus Nature Challenge"
"1614","octoham","Campus Nature Challenge"
"1615","oli42847","Campus Nature Challenge"
"1616","olivier_gaudreau","Campus Nature Challenge"
"1617","omar_guettache","Campus Nature Challenge"
"1618","opilion","Campus Nature Challenge"
"1619","owenreid","Campus Nature Challenge"
"1620","panagiota42999","Campus Nature Challenge"
"1621","panawun","Campus Nature Challenge"
"1622","paxou","Campus Nature Challenge"
"1623","peanutbutter_jellyfish","Campus Nature Challenge"
"1624","phil_crimson","Campus Nature Challenge"
"1625","philippeperusse","Campus Nature Challenge"
"1626","pierre-jean_t","Campus Nature Challenge"
"1627","pierrickb","Campus Nature Challenge"
"1628","pierroxgoum","Campus Nature Challenge"
"1629","poisonivy246","Campus Nature Challenge"
"1630","prento","Campus Nature Challenge"
"1631","purplesquid7","Campus Nature Challenge"
"1632","qvanginh","Campus Nature Challenge"
"1633","r1ni1","Campus Nature Challenge"
"1634","r66567","Campus Nature Challenge"
"1635","rae47745","Campus Nature Challenge"
"1636","rameen6","Campus Nature Challenge"
"1637","raphch","Campus Nature Challenge"
"1638","rasika_s","Campus Nature Challenge"
"1639","ray_jones_","Campus Nature Challenge"
"1640","rclark17","Campus Nature Challenge"
"1641","reforestlondon","Campus Nature Challenge"
"1642","remi__m","Campus Nature Challenge"
"1643","reshpatil","Campus Nature Challenge"
"1644","riomargo","Campus Nature Challenge"
"1645","rmacdiarmid","Campus Nature Challenge"
"1646","romain_roig","Campus Nature Challenge"
"1647","rosalie_rc","Campus Nature Challenge"
"1648","rosye","Campus Nature Challenge"
"1649","rstiwich","Campus Nature Challenge"
"1650","rubygigi","Campus Nature Challenge"
"1651","ryan_philipp","Campus Nature Challenge"
"1652","ryleyamelia","Campus Nature Challenge"
"1653","s-kaur","Campus Nature Challenge"
"1654","s_tucker3","Campus Nature Challenge"
"1655","sabinaabriga","Campus Nature Challenge"
"1656","sabrina58810","Campus Nature Challenge"
"1657","saby_hippie","Campus Nature Challenge"
"1658","sahinho","Campus Nature Challenge"
"1659","sakinasyedvaseem","Campus Nature Challenge"
"1660","samira133","Campus Nature Challenge"
"1661","samithlibi","Campus Nature Challenge"
"1662","samsamm123","Campus Nature Challenge"
"1663","saraeve","Campus Nature Challenge"
"1664","sarahannemacleod","Campus Nature Challenge"
"1665","sarahbellem","Campus Nature Challenge"
"1666","sarahjcampbell22","Campus Nature Challenge"
"1667","sarina_thivierge","Campus Nature Challenge"
"1668","saris234","Campus Nature Challenge"
"1669","sashasocs","Campus Nature Challenge"
"1670","sashavilkoff","Campus Nature Challenge"
"1671","saudss","Campus Nature Challenge"
"1672","saumean","Campus Nature Challenge"
"1673","sebcado","Campus Nature Challenge"
"1674","serena_l_k","Campus Nature Challenge"
"1675","sgrisling","Campus Nature Challenge"
"1676","shani_ishimwe","Campus Nature Challenge"
"1677","shannf","Campus Nature Challenge"
"1678","shayrhy","Campus Nature Challenge"
"1679","shlarson99","Campus Nature Challenge"
"1680","shon67424","Campus Nature Challenge"
"1681","sigpin-qutwut-depda4","Campus Nature Challenge"
"1682","simbabowora","Campus Nature Challenge"
"1683","simon70090","Campus Nature Challenge"
"1684","skitche736","Campus Nature Challenge"
"1685","skrouse14","Campus Nature Challenge"
"1686","skwhitaker","Campus Nature Challenge"
"1687","skye-elle30","Campus Nature Challenge"
"1688","snowpig","Campus Nature Challenge"
"1689","sofia1367","Campus Nature Challenge"
"1690","sofia_bouli","Campus Nature Challenge"
"1691","sophiaravignat","Campus Nature Challenge"
"1692","sophias17","Campus Nature Challenge"
"1693","sophiiiiiiiii","Campus Nature Challenge"
"1694","soso_poof","Campus Nature Challenge"
"1695","stacy52269","Campus Nature Challenge"
"1696","stefrossi","Campus Nature Challenge"
"1697","stellalaroche","Campus Nature Challenge"
"1698","stellaplantfinder","Campus Nature Challenge"
"1699","stephanie74411","Campus Nature Challenge"
"1700","steve25975","Campus Nature Challenge"
"1701","stipticus","Campus Nature Challenge"
"1702","suleimanbhatti786","Campus Nature Challenge"
"1703","susan89908","Campus Nature Challenge"
"1704","sustainabilitync","Campus Nature Challenge"
"1705","svotton","Campus Nature Challenge"
"1706","swampgirl123","Campus Nature Challenge"
"1707","sydbou","Campus Nature Challenge"
"1708","t_marg_w","Campus Nature Challenge"
"1709","tanis-wheeler","Campus Nature Challenge"
"1710","tashaberkelmans","Campus Nature Challenge"
"1711","tbrown2","Campus Nature Challenge"
"1712","tcasey07","Campus Nature Challenge"
"1713","tdhunter","Campus Nature Challenge"
"1714","teagan_harper","Campus Nature Challenge"
"1715","teamhughes","Campus Nature Challenge"
"1716","temece","Campus Nature Challenge"
"1717","thania71858","Campus Nature Challenge"
"1718","thomash05","Campus Nature Challenge"
"1719","thrinley","Campus Nature Challenge"
"1720","thwebb1","Campus Nature Challenge"
"1721","tiendelehanty","Campus Nature Challenge"
"1722","timothe47119","Campus Nature Challenge"
"1723","timotheeshin","Campus Nature Challenge"
"1724","tinycecropia","Campus Nature Challenge"
"1725","tirilhodt","Campus Nature Challenge"
"1726","tkcusack","Campus Nature Challenge"
"1727","tmarques07","Campus Nature Challenge"
"1728","tonya204","Campus Nature Challenge"
"1729","topazlauriault","Campus Nature Challenge"
"1730","toripepe","Campus Nature Challenge"
"1731","toulin","Campus Nature Challenge"
"1732","tpoirier2","Campus Nature Challenge"
"1733","treebause","Campus Nature Challenge"
"1734","twillems","Campus Nature Challenge"
"1735","ulricbellemare","Campus Nature Challenge"
"1736","unknow1","Campus Nature Challenge"
"1737","uno5","Campus Nature Challenge"
"1738","vandrila","Campus Nature Challenge"
"1739","variousavians","Campus Nature Challenge"
"1740","vera77076","Campus Nature Challenge"
"1741","verdas","Campus Nature Challenge"
"1742","victor_dubreuil","Campus Nature Challenge"
"1743","vikingfred","Campus Nature Challenge"
"1744","vincent_bishop","Campus Nature Challenge"
"1745","vincewo","Campus Nature Challenge"
"1746","violetephemera","Campus Nature Challenge"
"1747","vnsafrndz","Campus Nature Challenge"
"1748","vrichardson13","Campus Nature Challenge"
"1749","vynemoth","Campus Nature Challenge"
"1750","w_hunter","Campus Nature Challenge"
"1751","william11812","Campus Nature Challenge"
"1752","williamlafrance","Campus Nature Challenge"
"1753","williamsquirrel","Campus Nature Challenge"
"1754","willipro","Campus Nature Challenge"
"1755","xav06","Campus Nature Challenge"
"1756","xfilesenjoyer","Campus Nature Challenge"
"1757","xiawei_shi","Campus Nature Challenge"
"1758","you_like_j4zz_1748","Campus Nature Challenge"
"1759","young_marc","Campus Nature Challenge"
"1760","yucky_somethings","Campus Nature Challenge"
"1761","zachary97572","Campus Nature Challenge"
"1762","zachary_labine","Campus Nature Challenge"
"1763","zachary_potvin","Campus Nature Challenge"
"1764","zackary30274","Campus Nature Challenge"
"1765","zajira","Campus Nature Challenge"
"1766","zanna1001","Campus Nature Challenge"
"1767","zeevee","Campus Nature Challenge"
"1768","zion_d_onofrio","Campus Nature Challenge"
"1769","zjhermanson","Campus Nature Challenge"
"1770","zoe29661","Campus Nature Challenge"
"1771","zzelie","Campus Nature Challenge"
