"year","user_login"
2019,"silversea_starsong"
2019,"cypselurus"
2019,"felix_riegel"
2019,"dbeadle"
2019,"chloe_and_trevor"
2019,"josh_vandermeulen"
2019,"knightericm"
2019,"desertnaturalist"
2019,"johndreynolds"
2019,"benoit_segerer"
2019,"damontighe"
2019,"tonyrebelo"
2019,"sheriff_woody_pct"
2019,"astrobirder"
2019,"jeanpaulboerekamps"
2019,"lukeberg"
2019,"botaneek"
2019,"tmurray74"
2019,"pecosvalleydiamond"
2019,"gernotkunz"
2019,"wildlander"
2019,"sea-kangaroo"
2019,"ehjalmarson"
2019,"sambiology"
2019,"nyoni-pete"
2019,"birdernaturalist"
2019,"j-stauffer"
2019,"oridgen10"
2019,"nicklambert"
2019,"jaykeller"
2019,"hydaticus"
2019,"stevendaniel"
2019,"paul_dennehy"
2019,"hubertszcz"
2019,"jmole"
2019,"gaell"
2019,"tomfeild"
2019,"kueda"
2019,"mreala"
2019,"dhfischer"
2019,"gcwarbler"
2019,"christoph_moning"
2019,"lucaboscain"
2019,"philbenstead"
2019,"reiner"
2019,"annikaml"
2019,"oeserjk"
2019,"jensbokelaar"
2019,"leptonia"
2019,"anudibranchmom"
2019,"hydrophilus"
2019,"blazeclaw"
2019,"ericvandenberghe"
2019,"chilipossum"
2019,"xiaodoudou"
2019,"coleoreteh"
2019,"gerrit_oehm"
2019,"avocat"
2019,"aztekium"
2019,"brandoncorder"
2019,"stevecollins"
2019,"jacksonfrost"
2019,"a1virginia"
2019,"jujurenoult"
2019,"jltasset"
2019,"harrier"
2019,"tkoffel"
2019,"finatic"
2019,"graham_montgomery"
2019,"morganstickrod"
2019,"loarie"
2019,"benzerante"
2019,"johnlenagan"
2019,"izafarr"
2019,"david99"
2019,"yvesbas"
2019,"catchang"
2019,"calebcatto"
2019,"thebeachcomber"
2019,"gaudettelaura"
2019,"joemdo"
2019,"nickmoore91"
2019,"lostincr"
2019,"rkostecke"
2019,"arkantor"
2019,"bartwursten"
2019,"rogerritt"
2019,"jimbrighton"
2019,"faluke"
2019,"joeysantore"
2019,"imasongster"
2019,"andygo1"
2019,"dpom"
2019,"burke_korol"
2019,"questagame"
2019,"markuslilje"
2019,"mike_hooper"
2019,"okbirdman"
2019,"ahospers"
2019,"dgreenberger"
2019,"jpiolain"
2019,"greenjay6"
2019,"agujaceratops"
2019,"xespok"
2019,"opisska"
2019,"joshuadoby"
2019,"caracalshan"
2019,"brandonwoo"
2019,"argonauta"
2019,"eric_keith"
2019,"bertharris"
2019,"neontetraploid"
2019,"abcdefgewing"
2019,"andrew2285"
2019,"erikamitchell"
2019,"dawicho"
2019,"bottin"
2019,"tiwane"
2019,"kyle_klotz"
2019,"thierrycordenos"
2019,"gonodactylus"
2019,"maarten40"
2019,"ripleyrm"
2019,"merlu"
2019,"marina_gorbunova"
2019,"rolandwirth"
2019,"sus_scrofa"
2019,"fmcghee"
2019,"larsmannzen"
2019,"djringer"
2019,"squiresk"
2019,"carnifex"
2019,"whiteoak"
2019,"henicorhina"
2019,"ryruther"
2019,"ingo_weiss"
2019,"muir"
2019,"smalltown_huang"
2019,"peterzika"
2019,"joseph92"
2019,"amarzee"
2019,"crx2aj3"
2019,"rkluzco"
2019,"gregtasney"
2019,"michael_oldham"
2019,"thijsvalkenburg"
2019,"paul_norwood"
2019,"kemper"
2019,"portioid"
2019,"macasado"
2019,"zacpeterson"
2019,"tgosliner"
2019,"steeljef"
2019,"whatch11"
2019,"kenharris"
2019,"merav"
2019,"juancruzado"
2019,"nicky"
2019,"psweet"
2019,"jurga_li"
2019,"talibzuo"
2019,"thesoulflowers"
2019,"gancw1"
2019,"arthur_chapman"
2019,"benkeen"
2019,"billhubick"
2019,"dirkm"
2019,"chia"
2019,"sylb"
2019,"ku6777"
2019,"hdemann"
2019,"leslie_flint"
2019,"paulkingsnorth"
2019,"jasondombroskie"
2019,"pl_stenger"
2019,"ashley_bradford"
2019,"radinis"
2019,"elusiveorchids"
2019,"mako252"
2019,"apistopanchax"
2019,"alan_rockefeller"
2019,"igor117"
2019,"bstarzomski"
2019,"elliotgreiner"
2019,"kr_greinwald"
2019,"astrapia"
2019,"suecar"
2019,"alexis_orion"
2019,"stevenw12339"
2019,"wsweet321"
2019,"jakob"
2019,"jeffdc"
2019,"gen_ok"
2019,"matthewt6416"
2019,"apseregin"
2019,"albertkang"
2019,"bacchusrock"
2019,"xpda"
2019,"craigpeter"
2019,"betweenthelyons"
2019,"dave_holland"
2019,"donmarsille"
2019,"ryanandrews"
2019,"seventeennature"
2019,"mr_fab"
2019,"fero"
2019,"dbmcc09"
2019,"jcochran706"
2019,"dan_macneal"
2019,"luissilva4"
2019,"stekkelpak"
2019,"annieliveoak"
2019,"gyrrlfalcon"
2019,"judygva"
2019,"vcharny"
2019,"ledum"
2019,"coreyjlange"
2019,"driley"
2019,"a_emmerson"
2019,"mhking"
2019,"jameskamstra"
2019,"blakesito"
2019,"rcurtis"
2019,"ian_dugdale"
2019,"er-birds"
2019,"frodejacobsen"
2019,"nebrooks"
2019,"gilbertj"
2019,"odenwaelder"
2019,"heinerziegler"
2019,"alinamartin"
2019,"karsten_s"
2019,"spyingnaturalist"
2019,"gbno"
2019,"twan3253"
2019,"oleg_kosterin"
2019,"cadecampbell"
2019,"toutterrain"
2019,"mar_y_sierra_silvestre"
2019,"aandmg"
2019,"troos"
2019,"calebhelsel"
2019,"lumenal"
2019,"liaoliao"
2019,"maractwin"
2019,"diogoluiz"
2019,"hfabian"
2019,"franpfer"
2019,"idlegrraphics"
2019,"packardr90"
2019,"alainc"
2019,"martin_der_prinz"
2019,"ellyne"
2019,"hholbrook"
2019,"mario_mairal"
2019,"thephoxinus"
2019,"dbarber"
2019,"kucycads"
2019,"thomas--"
2019,"oleksandr_shynder"
2019,"epic2112"
2019,"wanderingeden"
2019,"nschwab"
2019,"andybridges"
2019,"liam_pentangelo"
2019,"jasonrgrant"
2019,"josef-schmid"
2019,"onidiras"
2019,"akilee"
2019,"jesseholifield"
2019,"chartuso"
2019,"martingrimm"
2019,"cheryl394"
2019,"angel_fernandez_cancio"
2019,"goflowers"
2019,"marcoschmidtffm"
2019,"jeffgarner"
2019,"carrieseltzer"
2019,"rudygelis"
2019,"tmenut"
2019,"rob-westerduijn"
2019,"currenfrasch"
2019,"doggy0406"
2019,"natemartineau"
2019,"ck2az"
2019,"bobbie79"
2019,"zmp"
2019,"hakkahamushi"
2019,"russellcumming"
2019,"rollier"
2019,"danielcahen"
2019,"vireolanius"
2019,"pam-piombino"
2019,"ekoberle"
2019,"sylvain_le_bris"
2019,"terolinjama"
2019,"bodofzt"
2019,"riverahlquist"
2019,"jokurtz"
2019,"woodridgejeff"
2019,"tiluchi"
2019,"jugbayjs"
2019,"donalddavesne"
2019,"eric-schmitty"
2019,"pufferchung"
2019,"mangoverde"
2019,"zdufran"
2019,"serpophaga"
2019,"sh1025"
2019,"krylenkosl"
2019,"beschwar"
2019,"sullivanribbit"
2019,"mkdwoodruff"
2019,"possumpete"
2019,"treichard"
2019,"leonperrie"
2019,"naturewatchwidow"
2019,"pinesnake"
2019,"juancarlosgarciamorales1"
2019,"wendybirds"
2019,"rob21"
2019,"supertiger"
2019,"jemredwood"
2019,"yayemaster"
2019,"jeremybarker"
2019,"susanfawcett"
2019,"joshualincoln"
2019,"pedroantoniolazaro"
2019,"bosqueaaron"
2019,"max_benningfield"
2019,"ecarpe"
2019,"evanaturalist"
2019,"marco_vicariotto"
2019,"etantrah"
2019,"tiggrx"
2019,"susanhewitt"
2019,"juliakmil"
2019,"floydehayes"
2019,"slamonde"
2019,"pierrecorbrion"
2019,"jaroschacht"
2019,"robberfly"
2019,"brdnrdr"
2019,"noeliria"
2019,"davidenrique"
2019,"jonodashper"
2019,"gatorhawk"
2019,"skystargazer"
2019,"rynxs"
2019,"emmguevara"
2019,"jtuttle"
2019,"aleksandr_levon"
2019,"krechmer"
2019,"agnestrekker"
2019,"abbyhyde"
2019,"abe"
2019,"maximion"
2019,"lg_meanders"
2019,"drbh2o"
2019,"rudolphous"
2019,"paultavares"
2019,"chalon9"
2019,"allan7"
2019,"mertensia"
2019,"mmcmasters"
2019,"sandraf"
2019,"kiwikiu"
2019,"kyle_campbell1"
2019,"nijntje51"
2019,"miguel1958"
2019,"kingmush"
2019,"sbushes"
2019,"william_stephens"
2019,"amzamz"
2019,"re_nebel"
2019,"axelgosseries"
2019,"g_heaton"
2019,"naturephotosuze"
2019,"bradenjudson"
2019,"harrylurling"
2019,"niko_mandl"
2019,"davidemartin"
2019,"wetlandwanderer"
2019,"stephen54"
2019,"kimberlietx"
2019,"esdena"
2019,"chinaberryhuang"
2019,"madisonba13"
2019,"jeffmci9"
2019,"kbarylski"
2019,"vladimir_bryukhov"
2019,"ludwigia_badensis"
2019,"liamragan"
2019,"uwkwaj"
2019,"cbuelow45"
2019,"peter_gabler"
2019,"pdubois"
2019,"sapienshane"
2019,"dni_catipo"
2019,"austinrkelly"
2019,"christopherstephens"
2019,"invertebratist"
2019,"alisonnorthup"
2019,"colindjones"
2019,"steveansell"
2019,"bernardwieser"
2019,"philippe_geniez"
2019,"christiangilli"
2019,"kenny_well"
2019,"stephen_thorpe"
2019,"vadimrybakov69"
2019,"jmaughn"
2019,"easy_to_distinguish"
2019,"hhodgson"
2019,"rayray"
2019,"misumeta"
2019,"vicfazio3"
2019,"glmory"
2019,"purperlibel"
2019,"kh-c"
2019,"anna_nikolenko"
2019,"xymene_iv"
2019,"botanylicious"
2019,"seandaniels"
2019,"shauns"
2019,"srall"
2019,"sharonoutside"
2019,"steve432king"
2019,"lynnharper"
2019,"kent_miller"
2019,"mirko_tomasi"
2019,"christopherrustay"
2019,"jeanstephenson"
2019,"matthias55"
2019,"jasonheadley"
2019,"kcthetc1"
2019,"docprt"
2019,"papilioshih"
2019,"joaotiagotavares"
2019,"hhulsberg"
2019,"anastasiiamerkulova"
2019,"colejwolf"
2019,"shaunmichael"
2019,"louis_aureglia"
2019,"linkie"
2019,"mikat78"
2019,"nikolett6ttn"
2019,"sylvain_naturaliste"
2019,"kamody"
2019,"waynesweeds"
2019,"radbackedsalamander"
2019,"aaron_echols"
2019,"eliegaget"
2019,"scaup"
2019,"borchuan"
2019,"jimw3"
2019,"echocreek"
2019,"michaelbakkerpaiva"
2019,"savvaszafeiriou"
2019,"dhobern"
2019,"johntrent"
2019,"greglasley"
2019,"embrenhar"
2019,"optilete"
2019,"wdvanhem"
2019,"geosesarma"
2019,"cynodon"
2019,"leithallb"
2019,"graysquirrel"
2019,"dennisthediver"
2019,"graham_g"
2019,"thomastaylor1"
2019,"krisskinou"
2019,"skrentnyjeff"
2019,"mccreedy"
2019,"rambryum"
2019,"tommy_andriollo"
2019,"henkwallays2"
2019,"patricklm35"
2019,"mani_raab"
2019,"geum"
2019,"eric_hough"
2019,"zoology123"
2019,"josef_placek"
2019,"gwtstl"
2019,"melica_slo"
2019,"mlodinow"
2019,"markod"
2019,"demons1312"
2019,"richardlitt"
2019,"magpie_anomica"
2019,"kcross7"
2019,"human_landfill"
2019,"tadamcochran"
2019,"robvanepps"
2019,"birds_bugs_botany"
2019,"stephen220"
2019,"susanelliott"
2019,"jackson_chu"
2019,"samuelbrinker"
2020,"silversea_starsong"
2020,"cypselurus"
2020,"felix_riegel"
2020,"dbeadle"
2020,"chloe_and_trevor"
2020,"josh_vandermeulen"
2020,"knightericm"
2020,"desertnaturalist"
2020,"johndreynolds"
2020,"benoit_segerer"
2020,"damontighe"
2020,"tonyrebelo"
2020,"sheriff_woody_pct"
2020,"astrobirder"
2020,"jeanpaulboerekamps"
2020,"lukeberg"
2020,"botaneek"
2020,"tmurray74"
2020,"pecosvalleydiamond"
2020,"gernotkunz"
2020,"wildlander"
2020,"sea-kangaroo"
2020,"ehjalmarson"
2020,"sambiology"
2020,"nyoni-pete"
2020,"birdernaturalist"
2020,"j-stauffer"
2020,"oridgen10"
2020,"nicklambert"
2020,"jaykeller"
2020,"hydaticus"
2020,"stevendaniel"
2020,"paul_dennehy"
2020,"hubertszcz"
2020,"jmole"
2020,"gaell"
2020,"tomfeild"
2020,"kueda"
2020,"mreala"
2020,"dhfischer"
2020,"gcwarbler"
2020,"christoph_moning"
2020,"lucaboscain"
2020,"philbenstead"
2020,"reiner"
2020,"annikaml"
2020,"oeserjk"
2020,"jensbokelaar"
2020,"leptonia"
2020,"anudibranchmom"
2020,"hydrophilus"
2020,"blazeclaw"
2020,"ericvandenberghe"
2020,"chilipossum"
2020,"xiaodoudou"
2020,"coleoreteh"
2020,"gerrit_oehm"
2020,"avocat"
2020,"aztekium"
2020,"brandoncorder"
2020,"stevecollins"
2020,"jacksonfrost"
2020,"a1virginia"
2020,"jujurenoult"
2020,"jltasset"
2020,"harrier"
2020,"tkoffel"
2020,"finatic"
2020,"graham_montgomery"
2020,"morganstickrod"
2020,"loarie"
2020,"benzerante"
2020,"johnlenagan"
2020,"izafarr"
2020,"david99"
2020,"yvesbas"
2020,"catchang"
2020,"calebcatto"
2020,"thebeachcomber"
2020,"gaudettelaura"
2020,"joemdo"
2020,"nickmoore91"
2020,"lostincr"
2020,"rkostecke"
2020,"arkantor"
2020,"bartwursten"
2020,"rogerritt"
2020,"jimbrighton"
2020,"faluke"
2020,"joeysantore"
2020,"imasongster"
2020,"andygo1"
2020,"dpom"
2020,"burke_korol"
2020,"questagame"
2020,"markuslilje"
2020,"mike_hooper"
2020,"okbirdman"
2020,"ahospers"
2020,"dgreenberger"
2020,"jpiolain"
2020,"greenjay6"
2020,"agujaceratops"
2020,"xespok"
2020,"opisska"
2020,"joshuadoby"
2020,"caracalshan"
2020,"brandonwoo"
2020,"argonauta"
2020,"eric_keith"
2020,"bertharris"
2020,"neontetraploid"
2020,"abcdefgewing"
2020,"andrew2285"
2020,"erikamitchell"
2020,"dawicho"
2020,"bottin"
2020,"tiwane"
2020,"kyle_klotz"
2020,"thierrycordenos"
2020,"gonodactylus"
2020,"maarten40"
2020,"ripleyrm"
2020,"merlu"
2020,"marina_gorbunova"
2020,"rolandwirth"
2020,"sus_scrofa"
2020,"fmcghee"
2020,"larsmannzen"
2020,"djringer"
2020,"squiresk"
2020,"carnifex"
2020,"whiteoak"
2020,"henicorhina"
2020,"ryruther"
2020,"ingo_weiss"
2020,"muir"
2020,"smalltown_huang"
2020,"peterzika"
2020,"joseph92"
2020,"amarzee"
2020,"crx2aj3"
2020,"rkluzco"
2020,"gregtasney"
2020,"michael_oldham"
2020,"thijsvalkenburg"
2020,"paul_norwood"
2020,"kemper"
2020,"portioid"
2020,"macasado"
2020,"zacpeterson"
2020,"tgosliner"
2020,"steeljef"
2020,"whatch11"
2020,"kenharris"
2020,"merav"
2020,"juancruzado"
2020,"nicky"
2020,"psweet"
2020,"jurga_li"
2020,"talibzuo"
2020,"thesoulflowers"
2020,"gancw1"
2020,"arthur_chapman"
2020,"benkeen"
2020,"billhubick"
2020,"dirkm"
2020,"chia"
2020,"sylb"
2020,"ku6777"
2020,"hdemann"
2020,"leslie_flint"
2020,"paulkingsnorth"
2020,"jasondombroskie"
2020,"pl_stenger"
2020,"ashley_bradford"
2020,"radinis"
2020,"elusiveorchids"
2020,"mako252"
2020,"apistopanchax"
2020,"alan_rockefeller"
2020,"igor117"
2020,"bstarzomski"
2020,"elliotgreiner"
2020,"kr_greinwald"
2020,"astrapia"
2020,"suecar"
2020,"alexis_orion"
2020,"stevenw12339"
2020,"wsweet321"
2020,"jakob"
2020,"jeffdc"
2020,"gen_ok"
2020,"matthewt6416"
2020,"apseregin"
2020,"albertkang"
2020,"bacchusrock"
2020,"xpda"
2020,"craigpeter"
2020,"betweenthelyons"
2020,"dave_holland"
2020,"donmarsille"
2020,"ryanandrews"
2020,"seventeennature"
2020,"mr_fab"
2020,"fero"
2020,"dbmcc09"
2020,"jcochran706"
2020,"dan_macneal"
2020,"luissilva4"
2020,"stekkelpak"
2020,"annieliveoak"
2020,"gyrrlfalcon"
2020,"judygva"
2020,"vcharny"
2020,"ledum"
2020,"coreyjlange"
2020,"driley"
2020,"a_emmerson"
2020,"mhking"
2020,"jameskamstra"
2020,"blakesito"
2020,"rcurtis"
2020,"ian_dugdale"
2020,"er-birds"
2020,"frodejacobsen"
2020,"nebrooks"
2020,"gilbertj"
2020,"odenwaelder"
2020,"heinerziegler"
2020,"alinamartin"
2020,"karsten_s"
2020,"spyingnaturalist"
2020,"gbno"
2020,"twan3253"
2020,"oleg_kosterin"
2020,"cadecampbell"
2020,"toutterrain"
2020,"mar_y_sierra_silvestre"
2020,"aandmg"
2020,"troos"
2020,"calebhelsel"
2020,"lumenal"
2020,"liaoliao"
2020,"maractwin"
2020,"diogoluiz"
2020,"hfabian"
2020,"franpfer"
2020,"idlegrraphics"
2020,"packardr90"
2020,"alainc"
2020,"martin_der_prinz"
2020,"ellyne"
2020,"hholbrook"
2020,"mario_mairal"
2020,"thephoxinus"
2020,"dbarber"
2020,"kucycads"
2020,"thomas--"
2020,"oleksandr_shynder"
2020,"epic2112"
2020,"wanderingeden"
2020,"nschwab"
2020,"andybridges"
2020,"liam_pentangelo"
2020,"jasonrgrant"
2020,"josef-schmid"
2020,"onidiras"
2020,"akilee"
2020,"jesseholifield"
2020,"chartuso"
2020,"martingrimm"
2020,"cheryl394"
2020,"angel_fernandez_cancio"
2020,"goflowers"
2020,"marcoschmidtffm"
2020,"jeffgarner"
2020,"carrieseltzer"
2020,"rudygelis"
2020,"tmenut"
2020,"rob-westerduijn"
2020,"currenfrasch"
2020,"doggy0406"
2020,"natemartineau"
2020,"ck2az"
2020,"bobbie79"
2020,"zmp"
2020,"hakkahamushi"
2020,"russellcumming"
2020,"rollier"
2020,"danielcahen"
2020,"vireolanius"
2020,"pam-piombino"
2020,"ekoberle"
2020,"sylvain_le_bris"
2020,"terolinjama"
2020,"bodofzt"
2020,"riverahlquist"
2020,"jokurtz"
2020,"woodridgejeff"
2020,"tiluchi"
2020,"jugbayjs"
2020,"donalddavesne"
2020,"eric-schmitty"
2020,"pufferchung"
2020,"mangoverde"
2020,"zdufran"
2020,"serpophaga"
2020,"sh1025"
2020,"krylenkosl"
2020,"beschwar"
2020,"sullivanribbit"
2020,"mkdwoodruff"
2020,"possumpete"
2020,"treichard"
2020,"leonperrie"
2020,"naturewatchwidow"
2020,"pinesnake"
2020,"juancarlosgarciamorales1"
2020,"wendybirds"
2020,"rob21"
2020,"supertiger"
2020,"jemredwood"
2020,"yayemaster"
2020,"jeremybarker"
2020,"susanfawcett"
2020,"joshualincoln"
2020,"pedroantoniolazaro"
2020,"bosqueaaron"
2020,"max_benningfield"
2020,"ecarpe"
2020,"evanaturalist"
2020,"marco_vicariotto"
2020,"etantrah"
2020,"tiggrx"
2020,"susanhewitt"
2020,"juliakmil"
2020,"floydehayes"
2020,"slamonde"
2020,"pierrecorbrion"
2020,"jaroschacht"
2020,"robberfly"
2020,"brdnrdr"
2020,"noeliria"
2020,"davidenrique"
2020,"jonodashper"
2020,"gatorhawk"
2020,"skystargazer"
2020,"rynxs"
2020,"emmguevara"
2020,"jtuttle"
2020,"aleksandr_levon"
2020,"krechmer"
2020,"agnestrekker"
2020,"abbyhyde"
2020,"abe"
2020,"maximion"
2020,"lg_meanders"
2020,"drbh2o"
2020,"rudolphous"
2020,"paultavares"
2020,"chalon9"
2020,"allan7"
2020,"mertensia"
2020,"mmcmasters"
2020,"sandraf"
2020,"kiwikiu"
2020,"kyle_campbell1"
2020,"nijntje51"
2020,"miguel1958"
2020,"kingmush"
2020,"sbushes"
2020,"william_stephens"
2020,"amzamz"
2020,"re_nebel"
2020,"axelgosseries"
2020,"g_heaton"
2020,"naturephotosuze"
2020,"bradenjudson"
2020,"harrylurling"
2020,"niko_mandl"
2020,"davidemartin"
2020,"wetlandwanderer"
2020,"stephen54"
2020,"kimberlietx"
2020,"esdena"
2020,"chinaberryhuang"
2020,"madisonba13"
2020,"jeffmci9"
2020,"kbarylski"
2020,"vladimir_bryukhov"
2020,"ludwigia_badensis"
2020,"liamragan"
2020,"uwkwaj"
2020,"cbuelow45"
2020,"peter_gabler"
2020,"pdubois"
2020,"sapienshane"
2020,"dni_catipo"
2020,"austinrkelly"
2020,"christopherstephens"
2020,"invertebratist"
2020,"alisonnorthup"
2020,"colindjones"
2020,"steveansell"
2020,"bernardwieser"
2020,"philippe_geniez"
2020,"christiangilli"
2020,"kenny_well"
2020,"stephen_thorpe"
2020,"vadimrybakov69"
2020,"jmaughn"
2020,"easy_to_distinguish"
2020,"hhodgson"
2020,"rayray"
2020,"misumeta"
2020,"vicfazio3"
2020,"glmory"
2020,"purperlibel"
2020,"kh-c"
2020,"anna_nikolenko"
2020,"xymene_iv"
2020,"botanylicious"
2020,"seandaniels"
2020,"shauns"
2020,"srall"
2020,"sharonoutside"
2020,"steve432king"
2020,"lynnharper"
2020,"kent_miller"
2020,"mirko_tomasi"
2020,"christopherrustay"
2020,"jeanstephenson"
2020,"matthias55"
2020,"jasonheadley"
2020,"kcthetc1"
2020,"docprt"
2020,"papilioshih"
2020,"joaotiagotavares"
2020,"hhulsberg"
2020,"anastasiiamerkulova"
2020,"colejwolf"
2020,"shaunmichael"
2020,"louis_aureglia"
2020,"linkie"
2020,"mikat78"
2020,"nikolett6ttn"
2020,"sylvain_naturaliste"
2020,"kamody"
2020,"waynesweeds"
2020,"radbackedsalamander"
2020,"aaron_echols"
2020,"eliegaget"
2020,"scaup"
2020,"borchuan"
2020,"jimw3"
2020,"echocreek"
2020,"michaelbakkerpaiva"
2020,"savvaszafeiriou"
2020,"dhobern"
2020,"johntrent"
2020,"greglasley"
2020,"embrenhar"
2020,"optilete"
2020,"wdvanhem"
2020,"geosesarma"
2020,"cynodon"
2020,"leithallb"
2020,"graysquirrel"
2020,"dennisthediver"
2020,"graham_g"
2020,"thomastaylor1"
2020,"krisskinou"
2020,"skrentnyjeff"
2020,"mccreedy"
2020,"rambryum"
2020,"tommy_andriollo"
2020,"henkwallays2"
2020,"patricklm35"
2020,"mani_raab"
2020,"geum"
2020,"eric_hough"
2020,"zoology123"
2020,"josef_placek"
2020,"gwtstl"
2020,"melica_slo"
2020,"mlodinow"
2020,"markod"
2020,"demons1312"
2020,"richardlitt"
2020,"magpie_anomica"
2020,"kcross7"
2020,"human_landfill"
2020,"tadamcochran"
2020,"robvanepps"
2020,"birds_bugs_botany"
2020,"stephen220"
2020,"susanelliott"
2020,"jackson_chu"
2020,"samuelbrinker"
2021,"silversea_starsong"
2021,"cypselurus"
2021,"felix_riegel"
2021,"dbeadle"
2021,"chloe_and_trevor"
2021,"josh_vandermeulen"
2021,"knightericm"
2021,"desertnaturalist"
2021,"johndreynolds"
2021,"benoit_segerer"
2021,"damontighe"
2021,"tonyrebelo"
2021,"sheriff_woody_pct"
2021,"astrobirder"
2021,"jeanpaulboerekamps"
2021,"lukeberg"
2021,"botaneek"
2021,"tmurray74"
2021,"pecosvalleydiamond"
2021,"gernotkunz"
2021,"wildlander"
2021,"sea-kangaroo"
2021,"ehjalmarson"
2021,"sambiology"
2021,"nyoni-pete"
2021,"birdernaturalist"
2021,"j-stauffer"
2021,"oridgen10"
2021,"nicklambert"
2021,"jaykeller"
2021,"hydaticus"
2021,"stevendaniel"
2021,"paul_dennehy"
2021,"hubertszcz"
2021,"jmole"
2021,"gaell"
2021,"tomfeild"
2021,"kueda"
2021,"mreala"
2021,"dhfischer"
2021,"gcwarbler"
2021,"christoph_moning"
2021,"lucaboscain"
2021,"philbenstead"
2021,"reiner"
2021,"annikaml"
2021,"oeserjk"
2021,"jensbokelaar"
2021,"leptonia"
2021,"anudibranchmom"
2021,"hydrophilus"
2021,"blazeclaw"
2021,"ericvandenberghe"
2021,"chilipossum"
2021,"xiaodoudou"
2021,"coleoreteh"
2021,"gerrit_oehm"
2021,"avocat"
2021,"aztekium"
2021,"brandoncorder"
2021,"stevecollins"
2021,"jacksonfrost"
2021,"a1virginia"
2021,"jujurenoult"
2021,"jltasset"
2021,"harrier"
2021,"tkoffel"
2021,"finatic"
2021,"graham_montgomery"
2021,"morganstickrod"
2021,"loarie"
2021,"benzerante"
2021,"johnlenagan"
2021,"izafarr"
2021,"david99"
2021,"yvesbas"
2021,"catchang"
2021,"calebcatto"
2021,"thebeachcomber"
2021,"gaudettelaura"
2021,"joemdo"
2021,"nickmoore91"
2021,"lostincr"
2021,"rkostecke"
2021,"arkantor"
2021,"bartwursten"
2021,"rogerritt"
2021,"jimbrighton"
2021,"faluke"
2021,"joeysantore"
2021,"imasongster"
2021,"andygo1"
2021,"dpom"
2021,"burke_korol"
2021,"questagame"
2021,"markuslilje"
2021,"mike_hooper"
2021,"okbirdman"
2021,"ahospers"
2021,"dgreenberger"
2021,"jpiolain"
2021,"greenjay6"
2021,"agujaceratops"
2021,"xespok"
2021,"opisska"
2021,"joshuadoby"
2021,"caracalshan"
2021,"brandonwoo"
2021,"argonauta"
2021,"eric_keith"
2021,"bertharris"
2021,"neontetraploid"
2021,"abcdefgewing"
2021,"andrew2285"
2021,"erikamitchell"
2021,"dawicho"
2021,"bottin"
2021,"tiwane"
2021,"kyle_klotz"
2021,"thierrycordenos"
2021,"gonodactylus"
2021,"maarten40"
2021,"ripleyrm"
2021,"merlu"
2021,"marina_gorbunova"
2021,"rolandwirth"
2021,"sus_scrofa"
2021,"fmcghee"
2021,"larsmannzen"
2021,"djringer"
2021,"squiresk"
2021,"carnifex"
2021,"whiteoak"
2021,"henicorhina"
2021,"ryruther"
2021,"ingo_weiss"
2021,"muir"
2021,"smalltown_huang"
2021,"peterzika"
2021,"joseph92"
2021,"amarzee"
2021,"crx2aj3"
2021,"rkluzco"
2021,"gregtasney"
2021,"michael_oldham"
2021,"thijsvalkenburg"
2021,"paul_norwood"
2021,"kemper"
2021,"portioid"
2021,"macasado"
2021,"zacpeterson"
2021,"tgosliner"
2021,"steeljef"
2021,"whatch11"
2021,"kenharris"
2021,"merav"
2021,"juancruzado"
2021,"nicky"
2021,"psweet"
2021,"jurga_li"
2021,"talibzuo"
2021,"thesoulflowers"
2021,"gancw1"
2021,"arthur_chapman"
2021,"benkeen"
2021,"billhubick"
2021,"dirkm"
2021,"chia"
2021,"sylb"
2021,"ku6777"
2021,"hdemann"
2021,"leslie_flint"
2021,"paulkingsnorth"
2021,"jasondombroskie"
2021,"pl_stenger"
2021,"ashley_bradford"
2021,"radinis"
2021,"elusiveorchids"
2021,"mako252"
2021,"apistopanchax"
2021,"alan_rockefeller"
2021,"igor117"
2021,"bstarzomski"
2021,"elliotgreiner"
2021,"kr_greinwald"
2021,"astrapia"
2021,"suecar"
2021,"alexis_orion"
2021,"stevenw12339"
2021,"wsweet321"
2021,"jakob"
2021,"jeffdc"
2021,"gen_ok"
2021,"matthewt6416"
2021,"apseregin"
2021,"albertkang"
2021,"bacchusrock"
2021,"xpda"
2021,"craigpeter"
2021,"betweenthelyons"
2021,"dave_holland"
2021,"donmarsille"
2021,"ryanandrews"
2021,"seventeennature"
2021,"mr_fab"
2021,"fero"
2021,"dbmcc09"
2021,"jcochran706"
2021,"dan_macneal"
2021,"luissilva4"
2021,"stekkelpak"
2021,"annieliveoak"
2021,"gyrrlfalcon"
2021,"judygva"
2021,"vcharny"
2021,"ledum"
2021,"coreyjlange"
2021,"driley"
2021,"a_emmerson"
2021,"mhking"
2021,"jameskamstra"
2021,"blakesito"
2021,"rcurtis"
2021,"ian_dugdale"
2021,"er-birds"
2021,"frodejacobsen"
2021,"nebrooks"
2021,"gilbertj"
2021,"odenwaelder"
2021,"heinerziegler"
2021,"alinamartin"
2021,"karsten_s"
2021,"spyingnaturalist"
2021,"gbno"
2021,"twan3253"
2021,"oleg_kosterin"
2021,"cadecampbell"
2021,"toutterrain"
2021,"mar_y_sierra_silvestre"
2021,"aandmg"
2021,"troos"
2021,"calebhelsel"
2021,"lumenal"
2021,"liaoliao"
2021,"maractwin"
2021,"diogoluiz"
2021,"hfabian"
2021,"franpfer"
2021,"idlegrraphics"
2021,"packardr90"
2021,"alainc"
2021,"martin_der_prinz"
2021,"ellyne"
2021,"hholbrook"
2021,"mario_mairal"
2021,"thephoxinus"
2021,"dbarber"
2021,"kucycads"
2021,"thomas--"
2021,"oleksandr_shynder"
2021,"epic2112"
2021,"wanderingeden"
2021,"nschwab"
2021,"andybridges"
2021,"liam_pentangelo"
2021,"jasonrgrant"
2021,"josef-schmid"
2021,"onidiras"
2021,"akilee"
2021,"jesseholifield"
2021,"chartuso"
2021,"martingrimm"
2021,"cheryl394"
2021,"angel_fernandez_cancio"
2021,"goflowers"
2021,"marcoschmidtffm"
2021,"jeffgarner"
2021,"carrieseltzer"
2021,"rudygelis"
2021,"tmenut"
2021,"rob-westerduijn"
2021,"currenfrasch"
2021,"doggy0406"
2021,"natemartineau"
2021,"ck2az"
2021,"bobbie79"
2021,"zmp"
2021,"hakkahamushi"
2021,"russellcumming"
2021,"rollier"
2021,"danielcahen"
2021,"vireolanius"
2021,"pam-piombino"
2021,"ekoberle"
2021,"sylvain_le_bris"
2021,"terolinjama"
2021,"bodofzt"
2021,"riverahlquist"
2021,"jokurtz"
2021,"woodridgejeff"
2021,"tiluchi"
2021,"jugbayjs"
2021,"donalddavesne"
2021,"eric-schmitty"
2021,"pufferchung"
2021,"mangoverde"
2021,"zdufran"
2021,"serpophaga"
2021,"sh1025"
2021,"krylenkosl"
2021,"beschwar"
2021,"sullivanribbit"
2021,"mkdwoodruff"
2021,"possumpete"
2021,"treichard"
2021,"leonperrie"
2021,"naturewatchwidow"
2021,"pinesnake"
2021,"juancarlosgarciamorales1"
2021,"wendybirds"
2021,"rob21"
2021,"supertiger"
2021,"jemredwood"
2021,"yayemaster"
2021,"jeremybarker"
2021,"susanfawcett"
2021,"joshualincoln"
2021,"pedroantoniolazaro"
2021,"bosqueaaron"
2021,"max_benningfield"
2021,"ecarpe"
2021,"evanaturalist"
2021,"marco_vicariotto"
2021,"etantrah"
2021,"tiggrx"
2021,"susanhewitt"
2021,"juliakmil"
2021,"floydehayes"
2021,"slamonde"
2021,"pierrecorbrion"
2021,"jaroschacht"
2021,"robberfly"
2021,"brdnrdr"
2021,"noeliria"
2021,"davidenrique"
2021,"jonodashper"
2021,"gatorhawk"
2021,"skystargazer"
2021,"rynxs"
2021,"emmguevara"
2021,"jtuttle"
2021,"aleksandr_levon"
2021,"krechmer"
2021,"agnestrekker"
2021,"abbyhyde"
2021,"abe"
2021,"maximion"
2021,"lg_meanders"
2021,"drbh2o"
2021,"rudolphous"
2021,"paultavares"
2021,"chalon9"
2021,"allan7"
2021,"mertensia"
2021,"mmcmasters"
2021,"sandraf"
2021,"kiwikiu"
2021,"kyle_campbell1"
2021,"nijntje51"
2021,"miguel1958"
2021,"kingmush"
2021,"sbushes"
2021,"william_stephens"
2021,"amzamz"
2021,"re_nebel"
2021,"axelgosseries"
2021,"g_heaton"
2021,"naturephotosuze"
2021,"bradenjudson"
2021,"harrylurling"
2021,"niko_mandl"
2021,"davidemartin"
2021,"wetlandwanderer"
2021,"stephen54"
2021,"kimberlietx"
2021,"esdena"
2021,"chinaberryhuang"
2021,"madisonba13"
2021,"jeffmci9"
2021,"kbarylski"
2021,"vladimir_bryukhov"
2021,"ludwigia_badensis"
2021,"liamragan"
2021,"uwkwaj"
2021,"cbuelow45"
2021,"peter_gabler"
2021,"pdubois"
2021,"sapienshane"
2021,"dni_catipo"
2021,"austinrkelly"
2021,"christopherstephens"
2021,"invertebratist"
2021,"alisonnorthup"
2021,"colindjones"
2021,"steveansell"
2021,"bernardwieser"
2021,"philippe_geniez"
2021,"christiangilli"
2021,"kenny_well"
2021,"stephen_thorpe"
2021,"vadimrybakov69"
2021,"jmaughn"
2021,"easy_to_distinguish"
2021,"hhodgson"
2021,"rayray"
2021,"misumeta"
2021,"vicfazio3"
2021,"glmory"
2021,"purperlibel"
2021,"kh-c"
2021,"anna_nikolenko"
2021,"xymene_iv"
2021,"botanylicious"
2021,"seandaniels"
2021,"shauns"
2021,"srall"
2021,"sharonoutside"
2021,"steve432king"
2021,"lynnharper"
2021,"kent_miller"
2021,"mirko_tomasi"
2021,"christopherrustay"
2021,"jeanstephenson"
2021,"matthias55"
2021,"jasonheadley"
2021,"kcthetc1"
2021,"docprt"
2021,"papilioshih"
2021,"joaotiagotavares"
2021,"hhulsberg"
2021,"anastasiiamerkulova"
2021,"colejwolf"
2021,"shaunmichael"
2021,"louis_aureglia"
2021,"linkie"
2021,"mikat78"
2021,"nikolett6ttn"
2021,"sylvain_naturaliste"
2021,"kamody"
2021,"waynesweeds"
2021,"radbackedsalamander"
2021,"aaron_echols"
2021,"eliegaget"
2021,"scaup"
2021,"borchuan"
2021,"jimw3"
2021,"echocreek"
2021,"michaelbakkerpaiva"
2021,"savvaszafeiriou"
2021,"dhobern"
2021,"johntrent"
2021,"greglasley"
2021,"embrenhar"
2021,"optilete"
2021,"wdvanhem"
2021,"geosesarma"
2021,"cynodon"
2021,"leithallb"
2021,"graysquirrel"
2021,"dennisthediver"
2021,"graham_g"
2021,"thomastaylor1"
2021,"krisskinou"
2021,"skrentnyjeff"
2021,"mccreedy"
2021,"rambryum"
2021,"tommy_andriollo"
2021,"henkwallays2"
2021,"patricklm35"
2021,"mani_raab"
2021,"geum"
2021,"eric_hough"
2021,"zoology123"
2021,"josef_placek"
2021,"gwtstl"
2021,"melica_slo"
2021,"mlodinow"
2021,"markod"
2021,"demons1312"
2021,"richardlitt"
2021,"magpie_anomica"
2021,"kcross7"
2021,"human_landfill"
2021,"tadamcochran"
2021,"robvanepps"
2021,"birds_bugs_botany"
2021,"stephen220"
2021,"susanelliott"
2021,"jackson_chu"
2021,"samuelbrinker"
2022,"silversea_starsong"
2022,"cypselurus"
2022,"felix_riegel"
2022,"dbeadle"
2022,"chloe_and_trevor"
2022,"josh_vandermeulen"
2022,"knightericm"
2022,"desertnaturalist"
2022,"johndreynolds"
2022,"benoit_segerer"
2022,"damontighe"
2022,"tonyrebelo"
2022,"sheriff_woody_pct"
2022,"astrobirder"
2022,"jeanpaulboerekamps"
2022,"lukeberg"
2022,"botaneek"
2022,"tmurray74"
2022,"pecosvalleydiamond"
2022,"gernotkunz"
2022,"wildlander"
2022,"sea-kangaroo"
2022,"ehjalmarson"
2022,"sambiology"
2022,"nyoni-pete"
2022,"birdernaturalist"
2022,"j-stauffer"
2022,"oridgen10"
2022,"nicklambert"
2022,"jaykeller"
2022,"hydaticus"
2022,"stevendaniel"
2022,"paul_dennehy"
2022,"hubertszcz"
2022,"jmole"
2022,"gaell"
2022,"tomfeild"
2022,"kueda"
2022,"mreala"
2022,"dhfischer"
2022,"gcwarbler"
2022,"christoph_moning"
2022,"lucaboscain"
2022,"philbenstead"
2022,"reiner"
2022,"annikaml"
2022,"oeserjk"
2022,"jensbokelaar"
2022,"leptonia"
2022,"anudibranchmom"
2022,"hydrophilus"
2022,"blazeclaw"
2022,"ericvandenberghe"
2022,"chilipossum"
2022,"xiaodoudou"
2022,"coleoreteh"
2022,"gerrit_oehm"
2022,"avocat"
2022,"aztekium"
2022,"brandoncorder"
2022,"stevecollins"
2022,"jacksonfrost"
2022,"a1virginia"
2022,"jujurenoult"
2022,"jltasset"
2022,"harrier"
2022,"tkoffel"
2022,"finatic"
2022,"graham_montgomery"
2022,"morganstickrod"
2022,"loarie"
2022,"benzerante"
2022,"johnlenagan"
2022,"izafarr"
2022,"david99"
2022,"yvesbas"
2022,"catchang"
2022,"calebcatto"
2022,"thebeachcomber"
2022,"gaudettelaura"
2022,"joemdo"
2022,"nickmoore91"
2022,"lostincr"
2022,"rkostecke"
2022,"arkantor"
2022,"bartwursten"
2022,"rogerritt"
2022,"jimbrighton"
2022,"faluke"
2022,"joeysantore"
2022,"imasongster"
2022,"andygo1"
2022,"dpom"
2022,"burke_korol"
2022,"questagame"
2022,"markuslilje"
2022,"mike_hooper"
2022,"okbirdman"
2022,"ahospers"
2022,"dgreenberger"
2022,"jpiolain"
2022,"greenjay6"
2022,"agujaceratops"
2022,"xespok"
2022,"opisska"
2022,"joshuadoby"
2022,"caracalshan"
2022,"brandonwoo"
2022,"argonauta"
2022,"eric_keith"
2022,"bertharris"
2022,"neontetraploid"
2022,"abcdefgewing"
2022,"andrew2285"
2022,"erikamitchell"
2022,"dawicho"
2022,"bottin"
2022,"tiwane"
2022,"kyle_klotz"
2022,"thierrycordenos"
2022,"gonodactylus"
2022,"maarten40"
2022,"ripleyrm"
2022,"merlu"
2022,"marina_gorbunova"
2022,"rolandwirth"
2022,"sus_scrofa"
2022,"fmcghee"
2022,"larsmannzen"
2022,"djringer"
2022,"squiresk"
2022,"carnifex"
2022,"whiteoak"
2022,"henicorhina"
2022,"ryruther"
2022,"ingo_weiss"
2022,"muir"
2022,"smalltown_huang"
2022,"peterzika"
2022,"joseph92"
2022,"amarzee"
2022,"crx2aj3"
2022,"rkluzco"
2022,"gregtasney"
2022,"michael_oldham"
2022,"thijsvalkenburg"
2022,"paul_norwood"
2022,"kemper"
2022,"portioid"
2022,"macasado"
2022,"zacpeterson"
2022,"tgosliner"
2022,"steeljef"
2022,"whatch11"
2022,"kenharris"
2022,"merav"
2022,"juancruzado"
2022,"nicky"
2022,"psweet"
2022,"jurga_li"
2022,"talibzuo"
2022,"thesoulflowers"
2022,"gancw1"
2022,"arthur_chapman"
2022,"benkeen"
2022,"billhubick"
2022,"dirkm"
2022,"chia"
2022,"sylb"
2022,"ku6777"
2022,"hdemann"
2022,"leslie_flint"
2022,"paulkingsnorth"
2022,"jasondombroskie"
2022,"pl_stenger"
2022,"ashley_bradford"
2022,"radinis"
2022,"elusiveorchids"
2022,"mako252"
2022,"apistopanchax"
2022,"alan_rockefeller"
2022,"igor117"
2022,"bstarzomski"
2022,"elliotgreiner"
2022,"kr_greinwald"
2022,"astrapia"
2022,"suecar"
2022,"alexis_orion"
2022,"stevenw12339"
2022,"wsweet321"
2022,"jakob"
2022,"jeffdc"
2022,"gen_ok"
2022,"matthewt6416"
2022,"apseregin"
2022,"albertkang"
2022,"bacchusrock"
2022,"xpda"
2022,"craigpeter"
2022,"betweenthelyons"
2022,"dave_holland"
2022,"donmarsille"
2022,"ryanandrews"
2022,"seventeennature"
2022,"mr_fab"
2022,"fero"
2022,"dbmcc09"
2022,"jcochran706"
2022,"dan_macneal"
2022,"luissilva4"
2022,"stekkelpak"
2022,"annieliveoak"
2022,"gyrrlfalcon"
2022,"judygva"
2022,"vcharny"
2022,"ledum"
2022,"coreyjlange"
2022,"driley"
2022,"a_emmerson"
2022,"mhking"
2022,"jameskamstra"
2022,"blakesito"
2022,"rcurtis"
2022,"ian_dugdale"
2022,"er-birds"
2022,"frodejacobsen"
2022,"nebrooks"
2022,"gilbertj"
2022,"odenwaelder"
2022,"heinerziegler"
2022,"alinamartin"
2022,"karsten_s"
2022,"spyingnaturalist"
2022,"gbno"
2022,"twan3253"
2022,"oleg_kosterin"
2022,"cadecampbell"
2022,"toutterrain"
2022,"mar_y_sierra_silvestre"
2022,"aandmg"
2022,"troos"
2022,"calebhelsel"
2022,"lumenal"
2022,"liaoliao"
2022,"maractwin"
2022,"diogoluiz"
2022,"hfabian"
2022,"franpfer"
2022,"idlegrraphics"
2022,"packardr90"
2022,"alainc"
2022,"martin_der_prinz"
2022,"ellyne"
2022,"hholbrook"
2022,"mario_mairal"
2022,"thephoxinus"
2022,"dbarber"
2022,"kucycads"
2022,"thomas--"
2022,"oleksandr_shynder"
2022,"epic2112"
2022,"wanderingeden"
2022,"nschwab"
2022,"andybridges"
2022,"liam_pentangelo"
2022,"jasonrgrant"
2022,"josef-schmid"
2022,"onidiras"
2022,"akilee"
2022,"jesseholifield"
2022,"chartuso"
2022,"martingrimm"
2022,"cheryl394"
2022,"angel_fernandez_cancio"
2022,"goflowers"
2022,"marcoschmidtffm"
2022,"jeffgarner"
2022,"carrieseltzer"
2022,"rudygelis"
2022,"tmenut"
2022,"rob-westerduijn"
2022,"currenfrasch"
2022,"doggy0406"
2022,"natemartineau"
2022,"ck2az"
2022,"bobbie79"
2022,"zmp"
2022,"hakkahamushi"
2022,"russellcumming"
2022,"rollier"
2022,"danielcahen"
2022,"vireolanius"
2022,"pam-piombino"
2022,"ekoberle"
2022,"sylvain_le_bris"
2022,"terolinjama"
2022,"bodofzt"
2022,"riverahlquist"
2022,"jokurtz"
2022,"woodridgejeff"
2022,"tiluchi"
2022,"jugbayjs"
2022,"donalddavesne"
2022,"eric-schmitty"
2022,"pufferchung"
2022,"mangoverde"
2022,"zdufran"
2022,"serpophaga"
2022,"sh1025"
2022,"krylenkosl"
2022,"beschwar"
2022,"sullivanribbit"
2022,"mkdwoodruff"
2022,"possumpete"
2022,"treichard"
2022,"leonperrie"
2022,"naturewatchwidow"
2022,"pinesnake"
2022,"juancarlosgarciamorales1"
2022,"wendybirds"
2022,"rob21"
2022,"supertiger"
2022,"jemredwood"
2022,"yayemaster"
2022,"jeremybarker"
2022,"susanfawcett"
2022,"joshualincoln"
2022,"pedroantoniolazaro"
2022,"bosqueaaron"
2022,"max_benningfield"
2022,"ecarpe"
2022,"evanaturalist"
2022,"marco_vicariotto"
2022,"etantrah"
2022,"tiggrx"
2022,"susanhewitt"
2022,"juliakmil"
2022,"floydehayes"
2022,"slamonde"
2022,"pierrecorbrion"
2022,"jaroschacht"
2022,"robberfly"
2022,"brdnrdr"
2022,"noeliria"
2022,"davidenrique"
2022,"jonodashper"
2022,"gatorhawk"
2022,"skystargazer"
2022,"rynxs"
2022,"emmguevara"
2022,"jtuttle"
2022,"aleksandr_levon"
2022,"krechmer"
2022,"agnestrekker"
2022,"abbyhyde"
2022,"abe"
2022,"maximion"
2022,"lg_meanders"
2022,"drbh2o"
2022,"rudolphous"
2022,"paultavares"
2022,"chalon9"
2022,"allan7"
2022,"mertensia"
2022,"mmcmasters"
2022,"sandraf"
2022,"kiwikiu"
2022,"kyle_campbell1"
2022,"nijntje51"
2022,"miguel1958"
2022,"kingmush"
2022,"sbushes"
2022,"william_stephens"
2022,"amzamz"
2022,"re_nebel"
2022,"axelgosseries"
2022,"g_heaton"
2022,"naturephotosuze"
2022,"bradenjudson"
2022,"harrylurling"
2022,"niko_mandl"
2022,"davidemartin"
2022,"wetlandwanderer"
2022,"stephen54"
2022,"kimberlietx"
2022,"esdena"
2022,"chinaberryhuang"
2022,"madisonba13"
2022,"jeffmci9"
2022,"kbarylski"
2022,"vladimir_bryukhov"
2022,"ludwigia_badensis"
2022,"liamragan"
2022,"uwkwaj"
2022,"cbuelow45"
2022,"peter_gabler"
2022,"pdubois"
2022,"sapienshane"
2022,"dni_catipo"
2022,"austinrkelly"
2022,"christopherstephens"
2022,"invertebratist"
2022,"alisonnorthup"
2022,"colindjones"
2022,"steveansell"
2022,"bernardwieser"
2022,"philippe_geniez"
2022,"christiangilli"
2022,"kenny_well"
2022,"stephen_thorpe"
2022,"vadimrybakov69"
2022,"jmaughn"
2022,"easy_to_distinguish"
2022,"hhodgson"
2022,"rayray"
2022,"misumeta"
2022,"vicfazio3"
2022,"glmory"
2022,"purperlibel"
2022,"kh-c"
2022,"anna_nikolenko"
2022,"xymene_iv"
2022,"botanylicious"
2022,"seandaniels"
2022,"shauns"
2022,"srall"
2022,"sharonoutside"
2022,"steve432king"
2022,"lynnharper"
2022,"kent_miller"
2022,"mirko_tomasi"
2022,"christopherrustay"
2022,"jeanstephenson"
2022,"matthias55"
2022,"jasonheadley"
2022,"kcthetc1"
2022,"docprt"
2022,"papilioshih"
2022,"joaotiagotavares"
2022,"hhulsberg"
2022,"anastasiiamerkulova"
2022,"colejwolf"
2022,"shaunmichael"
2022,"louis_aureglia"
2022,"linkie"
2022,"mikat78"
2022,"nikolett6ttn"
2022,"sylvain_naturaliste"
2022,"kamody"
2022,"waynesweeds"
2022,"radbackedsalamander"
2022,"aaron_echols"
2022,"eliegaget"
2022,"scaup"
2022,"borchuan"
2022,"jimw3"
2022,"echocreek"
2022,"michaelbakkerpaiva"
2022,"savvaszafeiriou"
2022,"dhobern"
2022,"johntrent"
2022,"greglasley"
2022,"embrenhar"
2022,"optilete"
2022,"wdvanhem"
2022,"geosesarma"
2022,"cynodon"
2022,"leithallb"
2022,"graysquirrel"
2022,"dennisthediver"
2022,"graham_g"
2022,"thomastaylor1"
2022,"krisskinou"
2022,"skrentnyjeff"
2022,"mccreedy"
2022,"rambryum"
2022,"tommy_andriollo"
2022,"henkwallays2"
2022,"patricklm35"
2022,"mani_raab"
2022,"geum"
2022,"eric_hough"
2022,"zoology123"
2022,"josef_placek"
2022,"gwtstl"
2022,"melica_slo"
2022,"mlodinow"
2022,"markod"
2022,"demons1312"
2022,"richardlitt"
2022,"magpie_anomica"
2022,"kcross7"
2022,"human_landfill"
2022,"tadamcochran"
2022,"robvanepps"
2022,"birds_bugs_botany"
2022,"stephen220"
2022,"susanelliott"
2022,"jackson_chu"
2022,"samuelbrinker"
2023,"silversea_starsong"
2023,"cypselurus"
2023,"felix_riegel"
2023,"dbeadle"
2023,"chloe_and_trevor"
2023,"josh_vandermeulen"
2023,"knightericm"
2023,"desertnaturalist"
2023,"johndreynolds"
2023,"benoit_segerer"
2023,"damontighe"
2023,"tonyrebelo"
2023,"sheriff_woody_pct"
2023,"astrobirder"
2023,"jeanpaulboerekamps"
2023,"lukeberg"
2023,"botaneek"
2023,"tmurray74"
2023,"pecosvalleydiamond"
2023,"gernotkunz"
2023,"wildlander"
2023,"sea-kangaroo"
2023,"ehjalmarson"
2023,"sambiology"
2023,"nyoni-pete"
2023,"birdernaturalist"
2023,"j-stauffer"
2023,"oridgen10"
2023,"nicklambert"
2023,"jaykeller"
2023,"hydaticus"
2023,"stevendaniel"
2023,"paul_dennehy"
2023,"hubertszcz"
2023,"jmole"
2023,"gaell"
2023,"tomfeild"
2023,"kueda"
2023,"mreala"
2023,"dhfischer"
2023,"gcwarbler"
2023,"christoph_moning"
2023,"lucaboscain"
2023,"philbenstead"
2023,"reiner"
2023,"annikaml"
2023,"oeserjk"
2023,"jensbokelaar"
2023,"leptonia"
2023,"anudibranchmom"
2023,"hydrophilus"
2023,"blazeclaw"
2023,"ericvandenberghe"
2023,"chilipossum"
2023,"xiaodoudou"
2023,"coleoreteh"
2023,"gerrit_oehm"
2023,"avocat"
2023,"aztekium"
2023,"brandoncorder"
2023,"stevecollins"
2023,"jacksonfrost"
2023,"a1virginia"
2023,"jujurenoult"
2023,"jltasset"
2023,"harrier"
2023,"tkoffel"
2023,"finatic"
2023,"graham_montgomery"
2023,"morganstickrod"
2023,"loarie"
2023,"benzerante"
2023,"johnlenagan"
2023,"izafarr"
2023,"david99"
2023,"yvesbas"
2023,"catchang"
2023,"calebcatto"
2023,"thebeachcomber"
2023,"gaudettelaura"
2023,"joemdo"
2023,"nickmoore91"
2023,"lostincr"
2023,"rkostecke"
2023,"arkantor"
2023,"bartwursten"
2023,"rogerritt"
2023,"jimbrighton"
2023,"faluke"
2023,"joeysantore"
2023,"imasongster"
2023,"andygo1"
2023,"dpom"
2023,"burke_korol"
2023,"questagame"
2023,"markuslilje"
2023,"mike_hooper"
2023,"okbirdman"
2023,"ahospers"
2023,"dgreenberger"
2023,"jpiolain"
2023,"greenjay6"
2023,"agujaceratops"
2023,"xespok"
2023,"opisska"
2023,"joshuadoby"
2023,"caracalshan"
2023,"brandonwoo"
2023,"argonauta"
2023,"eric_keith"
2023,"bertharris"
2023,"neontetraploid"
2023,"abcdefgewing"
2023,"andrew2285"
2023,"erikamitchell"
2023,"dawicho"
2023,"bottin"
2023,"tiwane"
2023,"kyle_klotz"
2023,"thierrycordenos"
2023,"gonodactylus"
2023,"maarten40"
2023,"ripleyrm"
2023,"merlu"
2023,"marina_gorbunova"
2023,"rolandwirth"
2023,"sus_scrofa"
2023,"fmcghee"
2023,"larsmannzen"
2023,"djringer"
2023,"squiresk"
2023,"carnifex"
2023,"whiteoak"
2023,"henicorhina"
2023,"ryruther"
2023,"ingo_weiss"
2023,"muir"
2023,"smalltown_huang"
2023,"peterzika"
2023,"joseph92"
2023,"amarzee"
2023,"crx2aj3"
2023,"rkluzco"
2023,"gregtasney"
2023,"michael_oldham"
2023,"thijsvalkenburg"
2023,"paul_norwood"
2023,"kemper"
2023,"portioid"
2023,"macasado"
2023,"zacpeterson"
2023,"tgosliner"
2023,"steeljef"
2023,"whatch11"
2023,"kenharris"
2023,"merav"
2023,"juancruzado"
2023,"nicky"
2023,"psweet"
2023,"jurga_li"
2023,"talibzuo"
2023,"thesoulflowers"
2023,"gancw1"
2023,"arthur_chapman"
2023,"benkeen"
2023,"billhubick"
2023,"dirkm"
2023,"chia"
2023,"sylb"
2023,"ku6777"
2023,"hdemann"
2023,"leslie_flint"
2023,"paulkingsnorth"
2023,"jasondombroskie"
2023,"pl_stenger"
2023,"ashley_bradford"
2023,"radinis"
2023,"elusiveorchids"
2023,"mako252"
2023,"apistopanchax"
2023,"alan_rockefeller"
2023,"igor117"
2023,"bstarzomski"
2023,"elliotgreiner"
2023,"kr_greinwald"
2023,"astrapia"
2023,"suecar"
2023,"alexis_orion"
2023,"stevenw12339"
2023,"wsweet321"
2023,"jakob"
2023,"jeffdc"
2023,"gen_ok"
2023,"matthewt6416"
2023,"apseregin"
2023,"albertkang"
2023,"bacchusrock"
2023,"xpda"
2023,"craigpeter"
2023,"betweenthelyons"
2023,"dave_holland"
2023,"donmarsille"
2023,"ryanandrews"
2023,"seventeennature"
2023,"mr_fab"
2023,"fero"
2023,"dbmcc09"
2023,"jcochran706"
2023,"dan_macneal"
2023,"luissilva4"
2023,"stekkelpak"
2023,"annieliveoak"
2023,"gyrrlfalcon"
2023,"judygva"
2023,"vcharny"
2023,"ledum"
2023,"coreyjlange"
2023,"driley"
2023,"a_emmerson"
2023,"mhking"
2023,"jameskamstra"
2023,"blakesito"
2023,"rcurtis"
2023,"ian_dugdale"
2023,"er-birds"
2023,"frodejacobsen"
2023,"nebrooks"
2023,"gilbertj"
2023,"odenwaelder"
2023,"heinerziegler"
2023,"alinamartin"
2023,"karsten_s"
2023,"spyingnaturalist"
2023,"gbno"
2023,"twan3253"
2023,"oleg_kosterin"
2023,"cadecampbell"
2023,"toutterrain"
2023,"mar_y_sierra_silvestre"
2023,"aandmg"
2023,"troos"
2023,"calebhelsel"
2023,"lumenal"
2023,"liaoliao"
2023,"maractwin"
2023,"diogoluiz"
2023,"hfabian"
2023,"franpfer"
2023,"idlegrraphics"
2023,"packardr90"
2023,"alainc"
2023,"martin_der_prinz"
2023,"ellyne"
2023,"hholbrook"
2023,"mario_mairal"
2023,"thephoxinus"
2023,"dbarber"
2023,"kucycads"
2023,"thomas--"
2023,"oleksandr_shynder"
2023,"epic2112"
2023,"wanderingeden"
2023,"nschwab"
2023,"andybridges"
2023,"liam_pentangelo"
2023,"jasonrgrant"
2023,"josef-schmid"
2023,"onidiras"
2023,"akilee"
2023,"jesseholifield"
2023,"chartuso"
2023,"martingrimm"
2023,"cheryl394"
2023,"angel_fernandez_cancio"
2023,"goflowers"
2023,"marcoschmidtffm"
2023,"jeffgarner"
2023,"carrieseltzer"
2023,"rudygelis"
2023,"tmenut"
2023,"rob-westerduijn"
2023,"currenfrasch"
2023,"doggy0406"
2023,"natemartineau"
2023,"ck2az"
2023,"bobbie79"
2023,"zmp"
2023,"hakkahamushi"
2023,"russellcumming"
2023,"rollier"
2023,"danielcahen"
2023,"vireolanius"
2023,"pam-piombino"
2023,"ekoberle"
2023,"sylvain_le_bris"
2023,"terolinjama"
2023,"bodofzt"
2023,"riverahlquist"
2023,"jokurtz"
2023,"woodridgejeff"
2023,"tiluchi"
2023,"jugbayjs"
2023,"donalddavesne"
2023,"eric-schmitty"
2023,"pufferchung"
2023,"mangoverde"
2023,"zdufran"
2023,"serpophaga"
2023,"sh1025"
2023,"krylenkosl"
2023,"beschwar"
2023,"sullivanribbit"
2023,"mkdwoodruff"
2023,"possumpete"
2023,"treichard"
2023,"leonperrie"
2023,"naturewatchwidow"
2023,"pinesnake"
2023,"juancarlosgarciamorales1"
2023,"wendybirds"
2023,"rob21"
2023,"supertiger"
2023,"jemredwood"
2023,"yayemaster"
2023,"jeremybarker"
2023,"susanfawcett"
2023,"joshualincoln"
2023,"pedroantoniolazaro"
2023,"bosqueaaron"
2023,"max_benningfield"
2023,"ecarpe"
2023,"evanaturalist"
2023,"marco_vicariotto"
2023,"etantrah"
2023,"tiggrx"
2023,"susanhewitt"
2023,"juliakmil"
2023,"floydehayes"
2023,"slamonde"
2023,"pierrecorbrion"
2023,"jaroschacht"
2023,"robberfly"
2023,"brdnrdr"
2023,"noeliria"
2023,"davidenrique"
2023,"jonodashper"
2023,"gatorhawk"
2023,"skystargazer"
2023,"rynxs"
2023,"emmguevara"
2023,"jtuttle"
2023,"aleksandr_levon"
2023,"krechmer"
2023,"agnestrekker"
2023,"abbyhyde"
2023,"abe"
2023,"maximion"
2023,"lg_meanders"
2023,"drbh2o"
2023,"rudolphous"
2023,"paultavares"
2023,"chalon9"
2023,"allan7"
2023,"mertensia"
2023,"mmcmasters"
2023,"sandraf"
2023,"kiwikiu"
2023,"kyle_campbell1"
2023,"nijntje51"
2023,"miguel1958"
2023,"kingmush"
2023,"sbushes"
2023,"william_stephens"
2023,"amzamz"
2023,"re_nebel"
2023,"axelgosseries"
2023,"g_heaton"
2023,"naturephotosuze"
2023,"bradenjudson"
2023,"harrylurling"
2023,"niko_mandl"
2023,"davidemartin"
2023,"wetlandwanderer"
2023,"stephen54"
2023,"kimberlietx"
2023,"esdena"
2023,"chinaberryhuang"
2023,"madisonba13"
2023,"jeffmci9"
2023,"kbarylski"
2023,"vladimir_bryukhov"
2023,"ludwigia_badensis"
2023,"liamragan"
2023,"uwkwaj"
2023,"cbuelow45"
2023,"peter_gabler"
2023,"pdubois"
2023,"sapienshane"
2023,"dni_catipo"
2023,"austinrkelly"
2023,"christopherstephens"
2023,"invertebratist"
2023,"alisonnorthup"
2023,"colindjones"
2023,"steveansell"
2023,"bernardwieser"
2023,"philippe_geniez"
2023,"christiangilli"
2023,"kenny_well"
2023,"stephen_thorpe"
2023,"vadimrybakov69"
2023,"jmaughn"
2023,"easy_to_distinguish"
2023,"hhodgson"
2023,"rayray"
2023,"misumeta"
2023,"vicfazio3"
2023,"glmory"
2023,"purperlibel"
2023,"kh-c"
2023,"anna_nikolenko"
2023,"xymene_iv"
2023,"botanylicious"
2023,"seandaniels"
2023,"shauns"
2023,"srall"
2023,"sharonoutside"
2023,"steve432king"
2023,"lynnharper"
2023,"kent_miller"
2023,"mirko_tomasi"
2023,"christopherrustay"
2023,"jeanstephenson"
2023,"matthias55"
2023,"jasonheadley"
2023,"kcthetc1"
2023,"docprt"
2023,"papilioshih"
2023,"joaotiagotavares"
2023,"hhulsberg"
2023,"anastasiiamerkulova"
2023,"colejwolf"
2023,"shaunmichael"
2023,"louis_aureglia"
2023,"linkie"
2023,"mikat78"
2023,"nikolett6ttn"
2023,"sylvain_naturaliste"
2023,"kamody"
2023,"waynesweeds"
2023,"radbackedsalamander"
2023,"aaron_echols"
2023,"eliegaget"
2023,"scaup"
2023,"borchuan"
2023,"jimw3"
2023,"echocreek"
2023,"michaelbakkerpaiva"
2023,"savvaszafeiriou"
2023,"dhobern"
2023,"johntrent"
2023,"greglasley"
2023,"embrenhar"
2023,"optilete"
2023,"wdvanhem"
2023,"geosesarma"
2023,"cynodon"
2023,"leithallb"
2023,"graysquirrel"
2023,"dennisthediver"
2023,"graham_g"
2023,"thomastaylor1"
2023,"krisskinou"
2023,"skrentnyjeff"
2023,"mccreedy"
2023,"rambryum"
2023,"tommy_andriollo"
2023,"henkwallays2"
2023,"patricklm35"
2023,"mani_raab"
2023,"geum"
2023,"eric_hough"
2023,"zoology123"
2023,"josef_placek"
2023,"gwtstl"
2023,"melica_slo"
2023,"mlodinow"
2023,"markod"
2023,"demons1312"
2023,"richardlitt"
2023,"magpie_anomica"
2023,"kcross7"
2023,"human_landfill"
2023,"tadamcochran"
2023,"robvanepps"
2023,"birds_bugs_botany"
2023,"stephen220"
2023,"susanelliott"
2023,"jackson_chu"
2023,"samuelbrinker"
2024,"silversea_starsong"
2024,"cypselurus"
2024,"felix_riegel"
2024,"dbeadle"
2024,"chloe_and_trevor"
2024,"josh_vandermeulen"
2024,"knightericm"
2024,"desertnaturalist"
2024,"johndreynolds"
2024,"benoit_segerer"
2024,"damontighe"
2024,"tonyrebelo"
2024,"sheriff_woody_pct"
2024,"astrobirder"
2024,"jeanpaulboerekamps"
2024,"lukeberg"
2024,"botaneek"
2024,"tmurray74"
2024,"pecosvalleydiamond"
2024,"gernotkunz"
2024,"wildlander"
2024,"sea-kangaroo"
2024,"ehjalmarson"
2024,"sambiology"
2024,"nyoni-pete"
2024,"birdernaturalist"
2024,"j-stauffer"
2024,"oridgen10"
2024,"nicklambert"
2024,"jaykeller"
2024,"hydaticus"
2024,"stevendaniel"
2024,"paul_dennehy"
2024,"hubertszcz"
2024,"jmole"
2024,"gaell"
2024,"tomfeild"
2024,"kueda"
2024,"mreala"
2024,"dhfischer"
2024,"gcwarbler"
2024,"christoph_moning"
2024,"lucaboscain"
2024,"philbenstead"
2024,"reiner"
2024,"annikaml"
2024,"oeserjk"
2024,"jensbokelaar"
2024,"leptonia"
2024,"anudibranchmom"
2024,"hydrophilus"
2024,"blazeclaw"
2024,"ericvandenberghe"
2024,"chilipossum"
2024,"xiaodoudou"
2024,"coleoreteh"
2024,"gerrit_oehm"
2024,"avocat"
2024,"aztekium"
2024,"brandoncorder"
2024,"stevecollins"
2024,"jacksonfrost"
2024,"a1virginia"
2024,"jujurenoult"
2024,"jltasset"
2024,"harrier"
2024,"tkoffel"
2024,"finatic"
2024,"graham_montgomery"
2024,"morganstickrod"
2024,"loarie"
2024,"benzerante"
2024,"johnlenagan"
2024,"izafarr"
2024,"david99"
2024,"yvesbas"
2024,"catchang"
2024,"calebcatto"
2024,"thebeachcomber"
2024,"gaudettelaura"
2024,"joemdo"
2024,"nickmoore91"
2024,"lostincr"
2024,"rkostecke"
2024,"arkantor"
2024,"bartwursten"
2024,"rogerritt"
2024,"jimbrighton"
2024,"faluke"
2024,"joeysantore"
2024,"imasongster"
2024,"andygo1"
2024,"dpom"
2024,"burke_korol"
2024,"questagame"
2024,"markuslilje"
2024,"mike_hooper"
2024,"okbirdman"
2024,"ahospers"
2024,"dgreenberger"
2024,"jpiolain"
2024,"greenjay6"
2024,"agujaceratops"
2024,"xespok"
2024,"opisska"
2024,"joshuadoby"
2024,"caracalshan"
2024,"brandonwoo"
2024,"argonauta"
2024,"eric_keith"
2024,"bertharris"
2024,"neontetraploid"
2024,"abcdefgewing"
2024,"andrew2285"
2024,"erikamitchell"
2024,"dawicho"
2024,"bottin"
2024,"tiwane"
2024,"kyle_klotz"
2024,"thierrycordenos"
2024,"gonodactylus"
2024,"maarten40"
2024,"ripleyrm"
2024,"merlu"
2024,"marina_gorbunova"
2024,"rolandwirth"
2024,"sus_scrofa"
2024,"fmcghee"
2024,"larsmannzen"
2024,"djringer"
2024,"squiresk"
2024,"carnifex"
2024,"whiteoak"
2024,"henicorhina"
2024,"ryruther"
2024,"ingo_weiss"
2024,"muir"
2024,"smalltown_huang"
2024,"peterzika"
2024,"joseph92"
2024,"amarzee"
2024,"crx2aj3"
2024,"rkluzco"
2024,"gregtasney"
2024,"michael_oldham"
2024,"thijsvalkenburg"
2024,"paul_norwood"
2024,"kemper"
2024,"portioid"
2024,"macasado"
2024,"zacpeterson"
2024,"tgosliner"
2024,"steeljef"
2024,"whatch11"
2024,"kenharris"
2024,"merav"
2024,"juancruzado"
2024,"nicky"
2024,"psweet"
2024,"jurga_li"
2024,"talibzuo"
2024,"thesoulflowers"
2024,"gancw1"
2024,"arthur_chapman"
2024,"benkeen"
2024,"billhubick"
2024,"dirkm"
2024,"chia"
2024,"sylb"
2024,"ku6777"
2024,"hdemann"
2024,"leslie_flint"
2024,"paulkingsnorth"
2024,"jasondombroskie"
2024,"pl_stenger"
2024,"ashley_bradford"
2024,"radinis"
2024,"elusiveorchids"
2024,"mako252"
2024,"apistopanchax"
2024,"alan_rockefeller"
2024,"igor117"
2024,"bstarzomski"
2024,"elliotgreiner"
2024,"kr_greinwald"
2024,"astrapia"
2024,"suecar"
2024,"alexis_orion"
2024,"stevenw12339"
2024,"wsweet321"
2024,"jakob"
2024,"jeffdc"
2024,"gen_ok"
2024,"matthewt6416"
2024,"apseregin"
2024,"albertkang"
2024,"bacchusrock"
2024,"xpda"
2024,"craigpeter"
2024,"betweenthelyons"
2024,"dave_holland"
2024,"donmarsille"
2024,"ryanandrews"
2024,"seventeennature"
2024,"mr_fab"
2024,"fero"
2024,"dbmcc09"
2024,"jcochran706"
2024,"dan_macneal"
2024,"luissilva4"
2024,"stekkelpak"
2024,"annieliveoak"
2024,"gyrrlfalcon"
2024,"judygva"
2024,"vcharny"
2024,"ledum"
2024,"coreyjlange"
2024,"driley"
2024,"a_emmerson"
2024,"mhking"
2024,"jameskamstra"
2024,"blakesito"
2024,"rcurtis"
2024,"ian_dugdale"
2024,"er-birds"
2024,"frodejacobsen"
2024,"nebrooks"
2024,"gilbertj"
2024,"odenwaelder"
2024,"heinerziegler"
2024,"alinamartin"
2024,"karsten_s"
2024,"spyingnaturalist"
2024,"gbno"
2024,"twan3253"
2024,"oleg_kosterin"
2024,"cadecampbell"
2024,"toutterrain"
2024,"mar_y_sierra_silvestre"
2024,"aandmg"
2024,"troos"
2024,"calebhelsel"
2024,"lumenal"
2024,"liaoliao"
2024,"maractwin"
2024,"diogoluiz"
2024,"hfabian"
2024,"franpfer"
2024,"idlegrraphics"
2024,"packardr90"
2024,"alainc"
2024,"martin_der_prinz"
2024,"ellyne"
2024,"hholbrook"
2024,"mario_mairal"
2024,"thephoxinus"
2024,"dbarber"
2024,"kucycads"
2024,"thomas--"
2024,"oleksandr_shynder"
2024,"epic2112"
2024,"wanderingeden"
2024,"nschwab"
2024,"andybridges"
2024,"liam_pentangelo"
2024,"jasonrgrant"
2024,"josef-schmid"
2024,"onidiras"
2024,"akilee"
2024,"jesseholifield"
2024,"chartuso"
2024,"martingrimm"
2024,"cheryl394"
2024,"angel_fernandez_cancio"
2024,"goflowers"
2024,"marcoschmidtffm"
2024,"jeffgarner"
2024,"carrieseltzer"
2024,"rudygelis"
2024,"tmenut"
2024,"rob-westerduijn"
2024,"currenfrasch"
2024,"doggy0406"
2024,"natemartineau"
2024,"ck2az"
2024,"bobbie79"
2024,"zmp"
2024,"hakkahamushi"
2024,"russellcumming"
2024,"rollier"
2024,"danielcahen"
2024,"vireolanius"
2024,"pam-piombino"
2024,"ekoberle"
2024,"sylvain_le_bris"
2024,"terolinjama"
2024,"bodofzt"
2024,"riverahlquist"
2024,"jokurtz"
2024,"woodridgejeff"
2024,"tiluchi"
2024,"jugbayjs"
2024,"donalddavesne"
2024,"eric-schmitty"
2024,"pufferchung"
2024,"mangoverde"
2024,"zdufran"
2024,"serpophaga"
2024,"sh1025"
2024,"krylenkosl"
2024,"beschwar"
2024,"sullivanribbit"
2024,"mkdwoodruff"
2024,"possumpete"
2024,"treichard"
2024,"leonperrie"
2024,"naturewatchwidow"
2024,"pinesnake"
2024,"juancarlosgarciamorales1"
2024,"wendybirds"
2024,"rob21"
2024,"supertiger"
2024,"jemredwood"
2024,"yayemaster"
2024,"jeremybarker"
2024,"susanfawcett"
2024,"joshualincoln"
2024,"pedroantoniolazaro"
2024,"bosqueaaron"
2024,"max_benningfield"
2024,"ecarpe"
2024,"evanaturalist"
2024,"marco_vicariotto"
2024,"etantrah"
2024,"tiggrx"
2024,"susanhewitt"
2024,"juliakmil"
2024,"floydehayes"
2024,"slamonde"
2024,"pierrecorbrion"
2024,"jaroschacht"
2024,"robberfly"
2024,"brdnrdr"
2024,"noeliria"
2024,"davidenrique"
2024,"jonodashper"
2024,"gatorhawk"
2024,"skystargazer"
2024,"rynxs"
2024,"emmguevara"
2024,"jtuttle"
2024,"aleksandr_levon"
2024,"krechmer"
2024,"agnestrekker"
2024,"abbyhyde"
2024,"abe"
2024,"maximion"
2024,"lg_meanders"
2024,"drbh2o"
2024,"rudolphous"
2024,"paultavares"
2024,"chalon9"
2024,"allan7"
2024,"mertensia"
2024,"mmcmasters"
2024,"sandraf"
2024,"kiwikiu"
2024,"kyle_campbell1"
2024,"nijntje51"
2024,"miguel1958"
2024,"kingmush"
2024,"sbushes"
2024,"william_stephens"
2024,"amzamz"
2024,"re_nebel"
2024,"axelgosseries"
2024,"g_heaton"
2024,"naturephotosuze"
2024,"bradenjudson"
2024,"harrylurling"
2024,"niko_mandl"
2024,"davidemartin"
2024,"wetlandwanderer"
2024,"stephen54"
2024,"kimberlietx"
2024,"esdena"
2024,"chinaberryhuang"
2024,"madisonba13"
2024,"jeffmci9"
2024,"kbarylski"
2024,"vladimir_bryukhov"
2024,"ludwigia_badensis"
2024,"liamragan"
2024,"uwkwaj"
2024,"cbuelow45"
2024,"peter_gabler"
2024,"pdubois"
2024,"sapienshane"
2024,"dni_catipo"
2024,"austinrkelly"
2024,"christopherstephens"
2024,"invertebratist"
2024,"alisonnorthup"
2024,"colindjones"
2024,"steveansell"
2024,"bernardwieser"
2024,"philippe_geniez"
2024,"christiangilli"
2024,"kenny_well"
2024,"stephen_thorpe"
2024,"vadimrybakov69"
2024,"jmaughn"
2024,"easy_to_distinguish"
2024,"hhodgson"
2024,"rayray"
2024,"misumeta"
2024,"vicfazio3"
2024,"glmory"
2024,"purperlibel"
2024,"kh-c"
2024,"anna_nikolenko"
2024,"xymene_iv"
2024,"botanylicious"
2024,"seandaniels"
2024,"shauns"
2024,"srall"
2024,"sharonoutside"
2024,"steve432king"
2024,"lynnharper"
2024,"kent_miller"
2024,"mirko_tomasi"
2024,"christopherrustay"
2024,"jeanstephenson"
2024,"matthias55"
2024,"jasonheadley"
2024,"kcthetc1"
2024,"docprt"
2024,"papilioshih"
2024,"joaotiagotavares"
2024,"hhulsberg"
2024,"anastasiiamerkulova"
2024,"colejwolf"
2024,"shaunmichael"
2024,"louis_aureglia"
2024,"linkie"
2024,"mikat78"
2024,"nikolett6ttn"
2024,"sylvain_naturaliste"
2024,"kamody"
2024,"waynesweeds"
2024,"radbackedsalamander"
2024,"aaron_echols"
2024,"eliegaget"
2024,"scaup"
2024,"borchuan"
2024,"jimw3"
2024,"echocreek"
2024,"michaelbakkerpaiva"
2024,"savvaszafeiriou"
2024,"dhobern"
2024,"johntrent"
2024,"greglasley"
2024,"embrenhar"
2024,"optilete"
2024,"wdvanhem"
2024,"geosesarma"
2024,"cynodon"
2024,"leithallb"
2024,"graysquirrel"
2024,"dennisthediver"
2024,"graham_g"
2024,"thomastaylor1"
2024,"krisskinou"
2024,"skrentnyjeff"
2024,"mccreedy"
2024,"rambryum"
2024,"tommy_andriollo"
2024,"henkwallays2"
2024,"patricklm35"
2024,"mani_raab"
2024,"geum"
2024,"eric_hough"
2024,"zoology123"
2024,"josef_placek"
2024,"gwtstl"
2024,"melica_slo"
2024,"mlodinow"
2024,"markod"
2024,"demons1312"
2024,"richardlitt"
2024,"magpie_anomica"
2024,"kcross7"
2024,"human_landfill"
2024,"tadamcochran"
2024,"robvanepps"
2024,"birds_bugs_botany"
2024,"stephen220"
2024,"susanelliott"
2024,"jackson_chu"
2024,"samuelbrinker"
2025,"silversea_starsong"
2025,"cypselurus"
2025,"felix_riegel"
2025,"dbeadle"
2025,"chloe_and_trevor"
2025,"josh_vandermeulen"
2025,"knightericm"
2025,"desertnaturalist"
2025,"johndreynolds"
2025,"benoit_segerer"
2025,"damontighe"
2025,"tonyrebelo"
2025,"sheriff_woody_pct"
2025,"astrobirder"
2025,"jeanpaulboerekamps"
2025,"lukeberg"
2025,"botaneek"
2025,"tmurray74"
2025,"pecosvalleydiamond"
2025,"gernotkunz"
2025,"wildlander"
2025,"sea-kangaroo"
2025,"ehjalmarson"
2025,"sambiology"
2025,"nyoni-pete"
2025,"birdernaturalist"
2025,"j-stauffer"
2025,"oridgen10"
2025,"nicklambert"
2025,"jaykeller"
2025,"hydaticus"
2025,"stevendaniel"
2025,"paul_dennehy"
2025,"hubertszcz"
2025,"jmole"
2025,"gaell"
2025,"tomfeild"
2025,"kueda"
2025,"mreala"
2025,"dhfischer"
2025,"gcwarbler"
2025,"christoph_moning"
2025,"lucaboscain"
2025,"philbenstead"
2025,"reiner"
2025,"annikaml"
2025,"oeserjk"
2025,"jensbokelaar"
2025,"leptonia"
2025,"anudibranchmom"
2025,"hydrophilus"
2025,"blazeclaw"
2025,"ericvandenberghe"
2025,"chilipossum"
2025,"xiaodoudou"
2025,"coleoreteh"
2025,"gerrit_oehm"
2025,"avocat"
2025,"aztekium"
2025,"brandoncorder"
2025,"stevecollins"
2025,"jacksonfrost"
2025,"a1virginia"
2025,"jujurenoult"
2025,"jltasset"
2025,"harrier"
2025,"tkoffel"
2025,"finatic"
2025,"graham_montgomery"
2025,"morganstickrod"
2025,"loarie"
2025,"benzerante"
2025,"johnlenagan"
2025,"izafarr"
2025,"david99"
2025,"yvesbas"
2025,"catchang"
2025,"calebcatto"
2025,"thebeachcomber"
2025,"gaudettelaura"
2025,"joemdo"
2025,"nickmoore91"
2025,"lostincr"
2025,"rkostecke"
2025,"arkantor"
2025,"bartwursten"
2025,"rogerritt"
2025,"jimbrighton"
2025,"faluke"
2025,"joeysantore"
2025,"imasongster"
2025,"andygo1"
2025,"dpom"
2025,"burke_korol"
2025,"questagame"
2025,"markuslilje"
2025,"mike_hooper"
2025,"okbirdman"
2025,"ahospers"
2025,"dgreenberger"
2025,"jpiolain"
2025,"greenjay6"
2025,"agujaceratops"
2025,"xespok"
2025,"opisska"
2025,"joshuadoby"
2025,"caracalshan"
2025,"brandonwoo"
2025,"argonauta"
2025,"eric_keith"
2025,"bertharris"
2025,"neontetraploid"
2025,"abcdefgewing"
2025,"andrew2285"
2025,"erikamitchell"
2025,"dawicho"
2025,"bottin"
2025,"tiwane"
2025,"kyle_klotz"
2025,"thierrycordenos"
2025,"gonodactylus"
2025,"maarten40"
2025,"ripleyrm"
2025,"merlu"
2025,"marina_gorbunova"
2025,"rolandwirth"
2025,"sus_scrofa"
2025,"fmcghee"
2025,"larsmannzen"
2025,"djringer"
2025,"squiresk"
2025,"carnifex"
2025,"whiteoak"
2025,"henicorhina"
2025,"ryruther"
2025,"ingo_weiss"
2025,"muir"
2025,"smalltown_huang"
2025,"peterzika"
2025,"joseph92"
2025,"amarzee"
2025,"crx2aj3"
2025,"rkluzco"
2025,"gregtasney"
2025,"michael_oldham"
2025,"thijsvalkenburg"
2025,"paul_norwood"
2025,"kemper"
2025,"portioid"
2025,"macasado"
2025,"zacpeterson"
2025,"tgosliner"
2025,"steeljef"
2025,"whatch11"
2025,"kenharris"
2025,"merav"
2025,"juancruzado"
2025,"nicky"
2025,"psweet"
2025,"jurga_li"
2025,"talibzuo"
2025,"thesoulflowers"
2025,"gancw1"
2025,"benkeen"
2025,"arthur_chapman"
2025,"billhubick"
2025,"dirkm"
2025,"chia"
2025,"sylb"
2025,"ku6777"
2025,"hdemann"
2025,"leslie_flint"
2025,"paulkingsnorth"
2025,"jasondombroskie"
2025,"pl_stenger"
2025,"ashley_bradford"
2025,"radinis"
2025,"elusiveorchids"
2025,"mako252"
2025,"apistopanchax"
2025,"alan_rockefeller"
2025,"igor117"
2025,"bstarzomski"
2025,"elliotgreiner"
2025,"kr_greinwald"
2025,"astrapia"
2025,"suecar"
2025,"alexis_orion"
2025,"stevenw12339"
2025,"wsweet321"
2025,"jakob"
2025,"jeffdc"
2025,"gen_ok"
2025,"matthewt6416"
2025,"apseregin"
2025,"albertkang"
2025,"bacchusrock"
2025,"xpda"
2025,"craigpeter"
2025,"betweenthelyons"
2025,"dave_holland"
2025,"donmarsille"
2025,"ryanandrews"
2025,"seventeennature"
2025,"mr_fab"
2025,"fero"
2025,"dbmcc09"
2025,"jcochran706"
2025,"dan_macneal"
2025,"luissilva4"
2025,"stekkelpak"
2025,"annieliveoak"
2025,"gyrrlfalcon"
2025,"judygva"
2025,"vcharny"
2025,"ledum"
2025,"coreyjlange"
2025,"driley"
2025,"a_emmerson"
2025,"mhking"
2025,"jameskamstra"
2025,"blakesito"
2025,"rcurtis"
2025,"ian_dugdale"
2025,"er-birds"
2025,"frodejacobsen"
2025,"nebrooks"
2025,"gilbertj"
2025,"odenwaelder"
2025,"heinerziegler"
2025,"alinamartin"
2025,"karsten_s"
2025,"spyingnaturalist"
2025,"gbno"
2025,"twan3253"
2025,"oleg_kosterin"
2025,"cadecampbell"
2025,"toutterrain"
2025,"mar_y_sierra_silvestre"
2025,"aandmg"
2025,"troos"
2025,"calebhelsel"
2025,"lumenal"
2025,"liaoliao"
2025,"maractwin"
2025,"diogoluiz"
2025,"hfabian"
2025,"franpfer"
2025,"idlegrraphics"
2025,"packardr90"
2025,"alainc"
2025,"martin_der_prinz"
2025,"ellyne"
2025,"hholbrook"
2025,"mario_mairal"
2025,"thephoxinus"
2025,"dbarber"
2025,"kucycads"
2025,"thomas--"
2025,"oleksandr_shynder"
2025,"epic2112"
2025,"wanderingeden"
2025,"nschwab"
2025,"andybridges"
2025,"liam_pentangelo"
2025,"jasonrgrant"
2025,"josef-schmid"
2025,"onidiras"
2025,"akilee"
2025,"jesseholifield"
2025,"chartuso"
2025,"martingrimm"
2025,"cheryl394"
2025,"angel_fernandez_cancio"
2025,"goflowers"
2025,"marcoschmidtffm"
2025,"jeffgarner"
2025,"carrieseltzer"
2025,"rudygelis"
2025,"tmenut"
2025,"rob-westerduijn"
2025,"currenfrasch"
2025,"doggy0406"
2025,"natemartineau"
2025,"ck2az"
2025,"bobbie79"
2025,"zmp"
2025,"hakkahamushi"
2025,"russellcumming"
2025,"rollier"
2025,"danielcahen"
2025,"vireolanius"
2025,"pam-piombino"
2025,"ekoberle"
2025,"sylvain_le_bris"
2025,"terolinjama"
2025,"bodofzt"
2025,"riverahlquist"
2025,"jokurtz"
2025,"woodridgejeff"
2025,"tiluchi"
2025,"jugbayjs"
2025,"donalddavesne"
2025,"eric-schmitty"
2025,"pufferchung"
2025,"mangoverde"
2025,"zdufran"
2025,"serpophaga"
2025,"sh1025"
2025,"krylenkosl"
2025,"beschwar"
2025,"sullivanribbit"
2025,"mkdwoodruff"
2025,"possumpete"
2025,"treichard"
2025,"leonperrie"
2025,"naturewatchwidow"
2025,"pinesnake"
2025,"juancarlosgarciamorales1"
2025,"wendybirds"
2025,"rob21"
2025,"supertiger"
2025,"jemredwood"
2025,"yayemaster"
2025,"jeremybarker"
2025,"susanfawcett"
2025,"joshualincoln"
2025,"pedroantoniolazaro"
2025,"bosqueaaron"
2025,"max_benningfield"
2025,"ecarpe"
2025,"evanaturalist"
2025,"marco_vicariotto"
2025,"etantrah"
2025,"tiggrx"
2025,"susanhewitt"
2025,"juliakmil"
2025,"floydehayes"
2025,"slamonde"
2025,"pierrecorbrion"
2025,"jaroschacht"
2025,"robberfly"
2025,"brdnrdr"
2025,"noeliria"
2025,"davidenrique"
2025,"jonodashper"
2025,"gatorhawk"
2025,"skystargazer"
2025,"rynxs"
2025,"emmguevara"
2025,"jtuttle"
2025,"aleksandr_levon"
2025,"krechmer"
2025,"agnestrekker"
2025,"abbyhyde"
2025,"abe"
2025,"maximion"
2025,"lg_meanders"
2025,"drbh2o"
2025,"rudolphous"
2025,"paultavares"
2025,"chalon9"
2025,"allan7"
2025,"mertensia"
2025,"mmcmasters"
2025,"sandraf"
2025,"kiwikiu"
2025,"kyle_campbell1"
2025,"nijntje51"
2025,"miguel1958"
2025,"kingmush"
2025,"sbushes"
2025,"william_stephens"
2025,"amzamz"
2025,"re_nebel"
2025,"axelgosseries"
2025,"g_heaton"
2025,"naturephotosuze"
2025,"bradenjudson"
2025,"harrylurling"
2025,"niko_mandl"
2025,"davidemartin"
2025,"wetlandwanderer"
2025,"stephen54"
2025,"kimberlietx"
2025,"esdena"
2025,"chinaberryhuang"
2025,"madisonba13"
2025,"jeffmci9"
2025,"kbarylski"
2025,"vladimir_bryukhov"
2025,"ludwigia_badensis"
2025,"liamragan"
2025,"uwkwaj"
2025,"cbuelow45"
2025,"peter_gabler"
2025,"pdubois"
2025,"sapienshane"
2025,"dni_catipo"
2025,"austinrkelly"
2025,"christopherstephens"
2025,"invertebratist"
2025,"alisonnorthup"
2025,"colindjones"
2025,"steveansell"
2025,"bernardwieser"
2025,"philippe_geniez"
2025,"christiangilli"
2025,"kenny_well"
2025,"stephen_thorpe"
2025,"vadimrybakov69"
2025,"jmaughn"
2025,"easy_to_distinguish"
2025,"hhodgson"
2025,"rayray"
2025,"misumeta"
2025,"vicfazio3"
2025,"glmory"
2025,"purperlibel"
2025,"kh-c"
2025,"anna_nikolenko"
2025,"xymene_iv"
2025,"botanylicious"
2025,"seandaniels"
2025,"shauns"
2025,"srall"
2025,"sharonoutside"
2025,"steve432king"
2025,"lynnharper"
2025,"kent_miller"
2025,"mirko_tomasi"
2025,"christopherrustay"
2025,"jeanstephenson"
2025,"matthias55"
2025,"jasonheadley"
2025,"kcthetc1"
2025,"docprt"
2025,"papilioshih"
2025,"joaotiagotavares"
2025,"hhulsberg"
2025,"anastasiiamerkulova"
2025,"colejwolf"
2025,"shaunmichael"
2025,"louis_aureglia"
2025,"linkie"
2025,"mikat78"
2025,"nikolett6ttn"
2025,"sylvain_naturaliste"
2025,"kamody"
2025,"waynesweeds"
2025,"radbackedsalamander"
2025,"aaron_echols"
2025,"eliegaget"
2025,"scaup"
2025,"borchuan"
2025,"jimw3"
2025,"echocreek"
2025,"michaelbakkerpaiva"
2025,"savvaszafeiriou"
2025,"dhobern"
2025,"johntrent"
2025,"greglasley"
2025,"embrenhar"
2025,"optilete"
2025,"wdvanhem"
2025,"geosesarma"
2025,"cynodon"
2025,"leithallb"
2025,"graysquirrel"
2025,"dennisthediver"
2025,"graham_g"
2025,"thomastaylor1"
2025,"krisskinou"
2025,"skrentnyjeff"
2025,"mccreedy"
2025,"rambryum"
2025,"tommy_andriollo"
2025,"henkwallays2"
2025,"patricklm35"
2025,"mani_raab"
2025,"geum"
2025,"eric_hough"
2025,"zoology123"
2025,"josef_placek"
2025,"gwtstl"
2025,"melica_slo"
2025,"mlodinow"
2025,"markod"
2025,"demons1312"
2025,"richardlitt"
2025,"magpie_anomica"
2025,"kcross7"
2025,"human_landfill"
2025,"tadamcochran"
2025,"robvanepps"
2025,"birds_bugs_botany"
2025,"stephen220"
2025,"susanelliott"
2025,"jackson_chu"
2025,"samuelbrinker"
