"scientific_name","min_year","max_year"
"Acanthurus chirurgus",2025,2025
"Aceria kraftella",2025,2025
"Aceria populi",2025,2025
"Achillea roseoalba",2025,2025
"Acineria uncinata",2025,2025
"Acmella oleracea",2025,2025
"Acompocoris pygmaeus",2025,2025
"Acrospermum compressum",2025,2025
"Actinocoris signatus",2025,2025
"Aedes aurifer",2025,2025
"Aedes diantaeus",2025,2025
"Aeginopsis laurentii",2025,2025
"Agabus oblongulus",2025,2025
"Agabus smithi",2025,2025
"Agaricus braendlei",2025,2025
"Agaricus endoxanthus",2025,2025
"Aglossa furva",2025,2025
"Agonum crenistriatum",2025,2025
"Agonum mutatum",2025,2025
"Agrilus osburni",2025,2025
"Agrotis rileyana",2025,2025
"Alebra rubrafrons",2025,2025
"Alitta brandti",2025,2025
"Allium giganteum",2025,2025
"Allium macleanii",2025,2025
"Alloblackburneus lentus",2025,2025
"Alopecosa koponeni",2025,2025
"Alyssum simplex",2025,2025
"Amanita chrysoblema",2025,2025
"Amanita junquillea",2025,2025
"Amanita magniverrucata",2025,2025
"Amanita persicina",2025,2025
"Amanita volvata",2025,2025
"Amara aurata",2025,2025
"Amara bifrons",2025,2025
"Amara carinata",2025,2025
"Amara coelebs",2025,2025
"Amara farcta",2025,2025
"Ambigolimax parvipenis",2025,2025
"Amblyodon dealbatus",2025,2025
"Amblyosyllis anae",2025,2025
"Amelanchier nantucketensis",2025,2025
"Ammothella tuberculata",2025,2025
"Amphimedon trindanea",2025,2025
"Amphitrite ornata",2025,2025
"Amphora ovalis",2025,2025
"Amsonia tabernaemontana",2025,2025
"Amynthas tokioensis",2025,2025
"Anarhynchus leschenaultii",2025,2025
"Anarta obesula",2025,2025
"Anastrophyllum michauxii",2025,2025
"Andrena andrenoides",2025,2025
"Andrena commoda",2025,2025
"Andrena forbesii",2025,2025
"Andrena kalmiae",2025,2025
"Anhinga anhinga",2025,2025
"Anomala cupripes",2025,2025
"Anthonomus rufipes",2025,2025
"Anthracoidea scirpoideae",2025,2025
"Anthrenus coloratus",2025,2025
"Anthus hodgsoni",2025,2025
"Anusia nasicornis",2025,2025
"Apechthis ontario",2025,2025
"Aphanocapsa incerta",2025,2025
"Aphanocapsa planctonica",2025,2025
"Aphthona czwalinae",2025,2025
"Aphthona nigriscutis",2025,2025
"Apium graveolens",2025,2025
"Aporrectodea longa",2025,2025
"Aporrectodea trapezoides",2025,2025
"Aquilegia chrysantha",2025,2025
"Aradus depressus",2025,2025
"Aradus intectus",2025,2025
"Araucaria araucana",2025,2025
"Arcyria helvetica",2025,2025
"Argis alaskensis",2025,2025
"Argulus funduli",2025,2025
"Argyra calcitrans",2025,2025
"Argyropelecus sladeni",2025,2025
"Arion vulgaris",2025,2025
"Arnellia fennica",2025,2025
"Asciodes gordialis",2025,2025
"Asiocnemis nitens",2025,2025
"Asparagus setaceus",2025,2025
"Asterococcus limneticus",2025,2025
"Astragalus danicus",2025,2025
"Astylidius parvus",2025,2025
"Atheta novaescotiae",2025,2025
"Atholus bimaculatus",2025,2025
"Atichia glomerulosa",2025,2025
"Atimia hoppingi",2025,2025
"Attalus morulus",2025,2025
"Atylus carinatus",2025,2025
"Auletobius congruus",2025,2025
"Autographa gamma",2025,2025
"Awerintzewia cyclostoma",2025,2025
"Axius serratus",2025,2025
"Bacidia laurocerasi",2025,2025
"Badister micans",2025,2025
"Belomicrus forbesii",2025,2025
"Bembidion hesperium",2025,2025
"Bembidion salebratum",2025,2025
"Bembidion timidum",2025,2025
"Berberis japonica",2025,2025
"Berberis pinnata",2025,2025
"Beringiana beringiana",2025,2025
"Berosus punctatissimus",2025,2025
"Betula alpestris",2025,2025
"Bipalium vagum",2025,2025
"Biscogniauxia bartholomaei",2025,2025
"Bistorta amplexicaulis",2025,2025
"Blepharisma penardi",2025,2025
"Blepharostoma arachnoideum",2025,2025
"Blephilia hirsuta",2025,2025
"Blindiadelphus diversifolius",2025,2025
"Bonnemaisonia hamifera",2025,2025
"Bootanomyia dorsalis",2025,2025
"Boreus nix",2025,2025
"Bothus ocellatus",2025,2025
"Brachionus quadridentatus",2025,2025
"Brachythecium capillaceum",2025,2025
"Brachythecium cirrosum",2025,2025
"Brachythecium rotaeanum",2025,2025
"Broscodera insignis",2025,2025
"Bruchia flexuosa",2025,2025
"Bruchophagus gibbus",2025,2025
"Brychius hornii",2025,2025
"Brychius pacificus",2025,2025
"Bryonia alba",2025,2025
"Bryophacis canadensis",2025,2025
"Buccinum finmarkianum",2025,2025
"Butyriboletus abieticola",2025,2025
"Cacopsylla nordica",2025,2025
"Cacopsylla peregrina",2025,2025
"Caenocara oculatum",2025,2025
"Caenocara tenuipalpa",2025,2025
"Caliciopsis arceuthobii",2025,2025
"Calocedrus decurrens",2025,2025
"Calogaya pusilla",2025,2025
"Caloptilia acerifoliella",2025,2025
"Caloptilia flavimaculella",2025,2025
"Caloreas canadensis",2025,2025
"Calosima melanostriatella",2025,2025
"Cameraria lobatiella",2025,2025
"Campylium polygamum",2025,2025
"Candida albicans",2025,2025
"Cantharis lateralis",2025,2025
"Cantherhines pullus",2025,2025
"Capitotricha rubi",2025,2025
"Caranx bartholomaei",2025,2025
"Carex hassei",2025,2025
"Castilleja minor",2025,2025
"Caulibugula californica",2025,2025
"Cellypha goldbachii",2025,2025
"Centrocoris volxemi",2025,2025
"Centropyxis ecornis",2025,2025
"Ceraticelus similis",2025,2025
"Ceratomia hageni",2025,2025
"Ceratostigma plumbaginoides",2025,2025
"Cerebratulus lineolatus",2025,2025
"Ceroplastes rusci",2025,2025
"Chaetoceros lorenzianus",2025,2025
"Chaetodon capistratus",2025,2025
"Chaetonotus arquatus",2025,2025
"Chalarodendron fuscum",2025,2025
"Chamaecyparis lawsoniana",2025,2025
"Chamaecyparis obtusa",2025,2025
"Chamonixia caespitosa",2025,2025
"Chasmatonotus bimaculatus",2025,2025
"Chionaspis salicis",2025,2025
"Chionodes halycopa",2025,2025
"Chlaenius interruptus",2025,2025
"Chlamydomonas epiphytica",2025,2025
"Chlamydomonas globosa",2025,2025
"Chlorociboria aeruginella",2025,2025
"Chloroscypha alutipes",2025,2025
"Chromelosporium ochraceum",2025,2025
"Chroococcus cohaerens",2025,2025
"Chroococcus dispersus",2025,2025
"Chroococcus major",2025,2025
"Chroodactylon ornatum",2025,2025
"Chrysanthrax vanus",2025,2025
"Chrysocapsa paludosa",2025,2025
"Ciboria betulae",2025,2025
"Cicadula straminea",2025,2025
"Cicindela fulgida",2025,2025
"Cicindela parowana",2025,2025
"Cicurina idahoana",2025,2025
"Cistus creticus",2025,2025
"Citrus trifoliata",2025,2025
"Cixidia brittoni",2025,2025
"Clavariopsis aquatica",2025,2025
"Claviceps nigricans",2025,2025
"Clinostomum marginatum",2025,2025
"Clinotanypus planus",2025,2025
"Clubiona spiralis",2025,2025
"Clytus canadensis",2025,2025
"Coccinella fulgida",2025,2025
"Coccomyces arbutifolius",2025,2025
"Coelastrum indicum",2025,2025
"Coelosphaerium kuetzingianum",2025,2025
"Coleocentrus quebecensis",2025,2025
"Coleophora frischella",2025,2025
"Coleus scutellarioides",2025,2025
"Colladonus collaris",2025,2025
"Colladonus mendicus",2025,2025
"Collaria nigricapillitia",2025,2025
"Collinsia ksenia",2025,2025
"Collomia tenella",2025,2025
"Columbicola columbae",2025,2025
"Comatricha alta",2025,2025
"Comatricha sinuatocolumellata",2025,2025
"Connatichela artemisiae",2025,2025
"Conocephalus nemoralis",2025,2025
"Conopeum reticulum",2025,2025
"Contarinia constricta",2025,2025
"Contumyces rosellus",2025,2025
"Coprinopsis cinerea",2025,2025
"Coprinopsis tuberosa",2025,2025
"Corallorhiza wisteriana",2025,2025
"Cordilura glabra",2025,2025
"Corisella decolor",2025,2025
"Corisella edulis",2025,2025
"Corniculariella populi",2025,2025
"Cortinarius emunctus",2025,2025
"Corymbitodes lobatus",2025,2025
"Cosmotettix paludosus",2025,2025
"Crataegus cupressocollina",2025,2025
"Crataegus laurentiana",2025,2025
"Crataegus rivulopugnensis",2025,2025
"Craterium roseum",2025,2025
"Craticula cuspidata",2025,2025
"Crepidotus vulgaris",2025,2025
"Cryptodiscus foveolaris",2025,2025
"Cryptomonas curvata",2025,2025
"Ctenolepisma calvum",2025,2025
"Cucullia eulepis",2025,2025
"Cucurbitella mespiliformis",2025,2025
"Cucurbitella vlasinensis",2025,2025
"Cuerna costalis",2025,2025
"Culex quinquefasciatus",2025,2025
"Cuphea hyssopifolia",2025,2025
"Cuphea ignea",2025,2025
"Cuscuta palaestina",2025,2025
"Cyathicula cyathoidea",2025,2025
"Cybaeina minuta",2025,2025
"Cyclocephala borealis",2025,2025
"Cyclocephala longula",2025,2025
"Cylindroiulus vulnerarius",2025,2025
"Cymbella lanceolata",2025,2025
"Cynorhinella bella",2025,2025
"Cypridopsis vidua",2025,2025
"Cyrtolobus gratiosus",2025,2025
"Cyrtolobus pictus",2025,2025
"Cyrtolobus pulchellus",2025,2025
"Cyrtolobus togatus",2025,2025
"Cyrtophora exanthematica",2025,2025
"Cyrtopogon banksi",2025,2025
"Cyrtopogon leptotarsus",2025,2025
"Cyrtopogon varans",2025,2025
"Cystodinium bataviense",2025,2025
"Cystodinium cornifax",2025,2025
"Cytospora chrysosperma",2025,2025
"Dactylaria candidula",2025,2025
"Dactylellina candidum",2025,2025
"Dahlia pinnata",2025,2025
"Dahlica lichenella",2025,2025
"Daleomyces phillipsii",2025,2025
"Daphne odora",2025,2025
"Dasineura aceris",2025,2025
"Dasineura plicatrix",2025,2025
"Dasyscyphus castaneus",2025,2025
"Dendroctonus pseudotsugae",2025,2025
"Dendroctonus simplex",2025,2025
"Dennisiella babingtonii",2025,2025
"Destuntzia purpurea",2025,2025
"Deuterosminthurus nonfasciatus",2025,2025
"Diacheopsis metallica",2025,2025
"Diacheopsis serpula",2025,2025
"Diaphana californica",2025,2025
"Diaxonella pseudorubra",2025,2025
"Dicerca hornii",2025,2025
"Dichelonyx dilutus",2025,2025
"Dichodontium flavescens",2025,2025
"Dicranomyia immodesta",2025,2025
"Dicrocoelium dendriticum",2025,2025
"Dicrotendipes modestus",2025,2025
"Diderma asteroides",2025,2025
"Difflugia acutissima",2025,2025
"Difflugia limnetica",2025,2025
"Difflugia pyriformis",2025,2025
"Difflugia urceolata",2025,2025
"Diglyphus websteri",2025,2025
"Digrammia californiaria",2025,2025
"Dikrella californica",2025,2025
"Dimorphotheca jucunda",2025,2025
"Dinobryon suecicum",2025,2025
"Diodontus adamsi",2025,2025
"Diplocolenus abdominalis",2025,2025
"Diplophyllum apiculatum",2025,2025
"Discophrya elongata",2025,2025
"Disparalona hamata",2025,2025
"Distoseptispora curvularia",2025,2025
"Dolichopeza obscura",2025,2025
"Dolichopus fucatus",2025,2025
"Dolichopus gratus",2025,2025
"Dolichopus longipennis",2025,2025
"Dolichopus penicillatus",2025,2025
"Dolichospermum crassum",2025,2025
"Dracaena reflexa",2025,2025
"Drassyllus insularis",2025,2025
"Drymocallis rupestris",2025,2025
"Dryope melanderi",2025,2025
"Dumontinia tuberosa",2025,2025
"Dysosma pleiantha",2025,2025
"Earomyia melnickae",2025,2025
"Ectobius sylvestris",2025,2025
"Einhornia moskvikvendi",2025,2025
"Elaphomyces papillatus",2025,2025
"Elaphropus tripunctatus",2025,2025
"Elathous californicus",2025,2025
"Elatine brachysperma",2025,2025
"Elatophilus brimleyi",2025,2025
"Eleodes humeralis",2025,2025
"Ellipes gurneyi",2025,2025
"Elodea bifoliata",2025,2025
"Elymana sulphurella",2025,2025
"Elymus scribneri",2025,2025
"Emberiza pusilla",2025,2025
"Emblyna hentzi",2025,2025
"Emblyna maxima",2025,2025
"Emertongone montifer",2025,2025
"Empicoris errabundus",2025,2025
"Empicoris rubromaculatus",2025,2025
"Empis poplitea",2025,2025
"Endophragmiella oblonga",2025,2025
"Ennucula tenuis",2025,2025
"Ensete ventricosum",2025,2025
"Entobdella hippoglossi",2025,2025
"Entodon brevisetus",2025,2025
"Entoloma jubatum",2025,2025
"Entomobrya confusa",2025,2025
"Entyloma flavoluteum",2025,2025
"Entyloma floerkeae",2025,2025
"Ephuta scrupea",2025,2025
"Epiblema coracinana",2025,2025
"Epibryon interlamellare",2025,2025
"Epicauta callosa",2025,2025
"Eremocoris depressus",2025,2025
"Erigeron modestus",2025,2025
"Eriobotrya japonica",2025,2025
"Eriophyes inangulis",2025,2025
"Eryngium amethystinum",2025,2025
"Erysiphe acmisponis",2025,2025
"Erysiphe astragali",2025,2025
"Erysiphe clintonii",2025,2025
"Erysiphe eschscholziae",2025,2025
"Erysiphe grossulariae",2025,2025
"Erysiphe guarinonii",2025,2025
"Erysiphe ludens",2025,2025
"Erysiphe parmeleeana",2025,2025
"Erysiphe ravenelii",2025,2025
"Erysiphe rayssiae",2025,2025
"Erysiphe russellii",2025,2025
"Erysiphe schweinitziana",2025,2025
"Erythranthe decora",2025,2025
"Erythroneura octonotata",2025,2025
"Etorofus vitiosus",2025,2025
"Eubosmina longispina",2025,2025
"Eucyrtopogon comantis",2025,2025
"Eudendrium californicum",2025,2025
"Euglena sociabilis",2025,2025
"Eumetopiella rufipes",2025,2025
"Eupelmus pini",2025,2025
"Eupelmus pulchriceps",2025,2025
"Euphorbia ophthalmica",2025,2025
"Europiella decolor",2025,2025
"Euura lucidae",2025,2025
"Euura melanocephalus",2025,2025
"Euxoa punctigera",2025,2025
"Exema dispar",2025,2025
"Exoteliospora osmundae",2025,2025
"Facelina auriculata",2025,2025
"Fallopia dumetorum",2025,2025
"Favolus pseudobetulinus",2025,2025
"Festuca nigrescens",2025,2025
"Fistularia tabacaria",2025,2025
"Fitchia spinosula",2025,2025
"Flabellinopsis iodinea",2025,2025
"Flammulaster carpophilus",2025,2025
"Flexamia delongi",2025,2025
"Flueggea suffruticosa",2025,2025
"Formica densiventris",2025,2025
"Formica spatulata",2025,2025
"Formica vinculans",2025,2025
"Formicoxenus provancheri",2025,2025
"Frullania inflata",2025,2025
"Fuchsia magellanica",2025,2025
"Gallionella ferruginea",2025,2025
"Gallus gallus",2025,2025
"Gastroboletus turbinatus",2025,2025
"Gastronauta membranaceus",2025,2025
"Geitlerinema splendidum",2025,2025
"Gelis agilis",2025,2025
"Geminella ellipsoidea",2025,2025
"Geopelia cuneata",2025,2025
"Geophilus flavus",2025,2025
"Geranium renardii",2025,2025
"Gerhardtia foliicola",2025,2025
"Gerris pingreensis",2025,2025
"Gilia achilleifolia",2025,2025
"Ginkgo biloba",2025,2025
"Gladiolus murielae",2025,2025
"Glaucoma scintillans",2025,2025
"Gliocladium polyporicola",2025,2025
"Gloeotaenium loitlesbergerianum",2025,2025
"Glypta fumiferanae",2025,2025
"Glyptocephalus zachirus",2025,2025
"Gnaphosa californica",2025,2025
"Gnatocerus cornutus",2025,2025
"Gnorimoschema salinaris",2025,2025
"Gnypeta brevicornis",2025,2025
"Golovinomyces echinopis",2025,2025
"Gomphocarpus physocarpus",2025,2025
"Gonatozygon aculeatum",2025,2025
"Gonyostomum semen",2025,2025
"Graphocephala versuta",2025,2025
"Grimmia mollis",2025,2025
"Grylloblatta campodeiformis",2025,2025
"Gymnaspis aechmeae",2025,2025
"Gymnocarena tricolor",2025,2025
"Gymnopilus speciosissimus",2025,2025
"Gymnopus impudicus",2025,2025
"Gymnotelium blasdaleanum",2025,2025
"Gyponana geminata",2025,2025
"Gyponana salsa",2025,2025
"Gyrinus affinis",2025,2025
"Gyrodinium helveticum",2025,2025
"Gyrosigma acuminatum",2025,2025
"Hadromorphus callidus",2025,2025
"Haliclystus salpinx",2025,2025
"Halimedusa typus",2025,2025
"Haliotis rufescens",2025,2025
"Haliphron atlanticus",2025,2025
"Halobisium occidentale",2025,2025
"Halorates alascensis",2025,2025
"Haltidytes crassus",2025,2025
"Hantzschia amphioxys",2025,2025
"Haplocampa wagnelli",2025,2025
"Haploperla brevis",2025,2025
"Haplothrips subtilissimus",2025,2025
"Hariotina polychorda",2025,2025
"Hariotina reticulata",2025,2025
"Harpalus fulvilabris",2025,2025
"Harpanthus scutatus",2025,2025
"Harzia acremonioides",2025,2025
"Hebata alboneura",2025,2025
"Hediste diversicolor",2025,2025
"Heleopera sphagni",2025,2025
"Helicodendron giganteum",2025,2025
"Helina evecta",2025,2025
"Helminthosphaeria stuppea",2025,2025
"Helochares maculicollis",2025,2025
"Helotium schimperi",2025,2025
"Hemerobius bistrigatus",2025,2025
"Hemerocallis minor",2025,2025
"Hemimycena tortuosa",2025,2025
"Hemipenthes inops",2025,2025
"Herpyllus propinquus",2025,2025
"Hesperocyparis arizonica",2025,2025
"Heteroclidus punctatus",2025,2025
"Heterogen japonica",2025,2025
"Heuchera sanguinea",2025,2025
"Hieracium laevigatum",2025,2025
"Hockeria rubra",2025,2025
"Holophrya ovum",2025,2025
"Hormathia digitata",2025,2025
"Hyalocamposporium acutum",2025,2025
"Hyalopsocus morio",2025,2025
"Hydrangea quercifolia",2025,2025
"Hydrobates pelagicus",2025,2025
"Hydrogonium amplexifolium",2025,2025
"Hydrophorus breviseta",2025,2025
"Hydroporus sinuatipes",2025,2025
"Hydroporus subpubescens",2025,2025
"Hydropunctaria amphibia",2025,2025
"Hygrobiella laxifolia",2025,2025
"Hygrophorus discoxanthus",2025,2025
"Hygrophorus nemoreus",2025,2025
"Hygrotus obscureplagiatus",2025,2025
"Hymenomonas roseola",2025,2025
"Hymenoscyphus albopunctus",2025,2025
"Hymenoscyphus dearnessii",2025,2025
"Hymenoscyphus vasaensis",2025,2025
"Hypericum grandifolium",2025,2025
"Hyperisus marginicollis",2025,2025
"Hypocreopsis lichenoides",2025,2025
"Hypocritichthys analis",2025,2025
"Hypogastrura litoralis",2025,2025
"Hypogastrura perplexa",2025,2025
"Hypogastrura purpurescens",2025,2025
"Hypotrachyna livida",2025,2025
"Hyssopus thymus",2025,2025
"Idiobates castaneus",2025,2025
"Idiocerus herrichii",2025,2025
"Illinoia maxima",2025,2025
"Ilybius discors",2025,2025
"Ilybius verisimilis",2025,2025
"Impatiens edgeworthii",2025,2025
"Impatiens hawkeri",2025,2025
"Indotyphlops braminus",2025,2025
"Inocybe dulciolens",2025,2025
"Ipomoea parasitica",2025,2025
"Iris tenax",2025,2025
"Isoperla dicala",2025,2025
"Isoperla frisoni",2025,2025
"Isthmochloron lobulatum",2025,2025
"Iviella newfoundlandensis",2025,2025
"Ixodes auritulus",2025,2025
"Ixodes marxi",2025,2025
"Juncus confusus",2025,2025
"Juncus diffusissimus",2025,2025
"Karstenia macra",2025,2025
"Kathroperla takhoma",2025,2025
"Keratella cochlearis",2025,2025
"Komvophoron schmidlei",2025,2025
"Krynickillus melanocephalus",2025,2025
"Labops hesperius",2025,2025
"Lachnellula subtilissima",2025,2025
"Lachnum gaultheriae",2025,2025
"Lacinipolia longiclava",2025,2025
"Lactarius barrowsii",2025,2025
"Lactifluus glaucescens",2025,2025
"Lactophrys trigonus",2025,2025
"Ladislavella exilis",2025,2025
"Lagerstroemia indica",2025,2025
"Laminaria sinclairii",2025,2025
"Lamproderma acanthosporum",2025,2025
"Lamproderma maculatum",2025,2025
"Lamproderma ovoideoechinulatum",2025,2025
"Lamproderma spinulosporum",2025,2025
"Lamprospora miniata",2025,2025
"Languria angustata",2025,2025
"Laphria sicula",2025,2025
"Laphria vivax",2025,2025
"Lara avara",2025,2025
"Lasiobotrys lonicerae",2025,2025
"Lasioglossum tegulare",2025,2025
"Lasiopogon yukonensis",2025,2025
"Lasiosphaeria sorbina",2025,2025
"Lathrobium geminum",2025,2025
"Lembadion magnum",2025,2025
"Lemellus bimaculatus",2025,2025
"Leodice valens",2025,2025
"Lepas indica",2025,2025
"Lepidocyrtus lanuginosus",2025,2025
"Lepocinclis spirogyroides",2025,2025
"Leptogaster atridorsalis",2025,2025
"Leptogaster incisuralis",2025,2025
"Leptospora rubella",2025,2025
"Leucochrysa pavida",2025,2025
"Leucogyrophana pseudomollusca",2025,2025
"Leucothea multicornis",2025,2025
"Liatris pycnostachya",2025,2025
"Lilium henryi",2025,2025
"Limonius infuscatus",2025,2025
"Limotettix urnura",2025,2025
"Linyphantes anacortes",2025,2025
"Linyphantes nigrescens",2025,2025
"Lioligus nitidus",2025,2025
"Lionepha erasa",2025,2025
"Livia junci",2025,2025
"Livilla variegata",2025,2025
"Lochmaea crataegi",2025,2025
"Lomelosia caucasica",2025,2025
"Lonchoptera impicta",2025,2025
"Lophocampa mixta",2025,2025
"Lophocolea bicuspidata",2025,2025
"Lophodermella concolor",2025,2025
"Lottia parallela",2025,2025
"Lottia triangularis",2025,2025
"Loxodes magnus",2025,2025
"Loxodes striatus",2025,2025
"Loxophyllum meleagris",2025,2025
"Luteodiscus hemiamyloideus",2025,2025
"Lutjanus campechanus",2025,2025
"Lygus rufidorsus",2025,2025
"Lygus wagneri",2025,2025
"Lyomyces sambuci",2025,2025
"Lysiosquilla scabricauda",2025,2025
"Macaria aequiferaria",2025,2025
"Macaria bicolorata",2025,2025
"Macbrideola cornea",2025,2025
"Macrocystis tenuifolia",2025,2025
"Macrophya oregona",2025,2025
"Macropsis ocellata",2025,2025
"Macropsis rufocephala",2025,2025
"Macrosiphum osmaroniae",2025,2025
"Macrosteles borealis",2025,2025
"Macrosteles lepidus",2025,2025
"Macrosteles parvidens",2025,2025
"Macrotylus sexguttatus",2025,2025
"Magicicada cassinii",2025,2025
"Magnolia grandiflora",2025,2025
"Malachius mirandus",2025,2025
"Maladera holosericea",2025,2025
"Malaxis monophyllos",2025,2025
"Mallocybe unicolor",2025,2025
"Mallomonas pseudocoronata",2025,2025
"Malus ioensis",2025,2025
"Masneroma angulifera",2025,2025
"Matsumurasca convergens",2025,2025
"Maurolicus weitzmani",2025,2025
"Megachile lapponica",2025,2025
"Megastigmus aculeatus",2025,2025
"Melampsora androsaemi",2025,2025
"Melanohalea multispora",2025,2025
"Melanotus testaceus",2025,2025
"Melica spectabilis",2025,2025
"Melitara subumbrella",2025,2025
"Mellinus bimaculatus",2025,2025
"Menkokia blandii",2025,2025
"Meriderma echinulatum",2025,2025
"Meris suffusaria",2025,2025
"Merismodes monacha",2025,2025
"Mertensia ciliata",2025,2025
"Mesoptychia collaris",2025,2025
"Mesorhaga flavipes",2025,2025
"Metanotalia maderensis",2025,2025
"Metopobactrus pacificus",2025,2025
"Metopus es",2025,2025
"Metzgeria lindbergii",2025,2025
"Metzgeria violacea",2025,2025
"Microcystis botrys",2025,2025
"Microcystis smithii",2025,2025
"Microdon fulgens",2025,2025
"Micromus variolosus",2025,2025
"Microstrobilinia castrans",2025,2025
"Microstroma album",2025,2025
"Minutisphaera fimbriatispora",2025,2025
"Mnemiopsis leidyi",2025,2025
"Mniaecia nivea",2025,2025
"Moellerodiscus advenulus",2025,2025
"Monactinus sturmii",2025,2025
"Monocorophium insidiosum",2025,2025
"Monocoryne colonialis",2025,2025
"Montanelia saximontana",2025,2025
"Mopalia egretta",2025,2025
"Mordella hubbsi",2025,2025
"Muhlenbergia filiformis",2025,2025
"Musa basjoo",2025,2025
"Mycena cinerella",2025,2025
"Mycena fuliginella",2025,2025
"Mycena nivicola",2025,2025
"Mycena stylobates",2025,2025
"Mycena subsanguinolenta",2025,2025
"Mycosphaerella gaultheriae",2025,2025
"Myelaphus lobicornis",2025,2025
"Myosotis dubia",2025,2025
"Myriolecis torrida",2025,2025
"Myrmedophila americana",2025,2025
"Myurella tenerrima",2025,2025
"Myxospora masonii",2025,2025
"Myzocallis coryli",2025,2025
"Nabis lovetti",2025,2025
"Naiadolina flavomerulina",2025,2025
"Narcissus tazetta",2025,2025
"Nelumbo nucifera",2025,2025
"Nemania aenea",2025,2025
"Nematus alniastri",2025,2025
"Neobisnius senilis",2025,2025
"Neokatianna acantholaema",2025,2025
"Neolasioptera galeopsidis",2025,2025
"Neolygus tiliae",2025,2025
"Neophyllura arbuti",2025,2025
"Neorthacheta dissimilis",2025,2025
"Neotoxoptera formosana",2025,2025
"Nephrocytium limneticum",2025,2025
"Nephroma orvoi",2025,2025
"Nephrotoma euceroides",2025,2025
"Nephrotoma penumbra",2025,2025
"Nephtys caeca",2025,2025
"Neurigona albospinosa",2025,2025
"Newsteadia americana",2025,2025
"Niphonyx segregata",2025,2025
"Nola cereella",2025,2025
"Nomada vincta",2025,2025
"Nopoiulus kochii",2025,2025
"Notocomplana acticola",2025,2025
"Nuculana tenuisulcata",2025,2025
"Numenius phaeopus",2025,2025
"Nusuttodinium aeruginosum",2025,2025
"Nymphaea mexicana",2025,2025
"Ochropsora dicentrae",2025,2025
"Octosporella jungermanniarum",2025,2025
"Odontochlamys gouraudi",2025,2025
"Odontomachus ruginodis",2025,2025
"Oenothera triloba",2025,2025
"Olea hansineensis",2025,2025
"Oligostomis reticulata",2025,2025
"Olla millepunctata",2025,2025
"Omnivora mutabilis",2025,2025
"Onchidiopsis glacialis",2025,2025
"Oncopsis abietis",2025,2025
"Oocystis lacustris",2025,2025
"Ophelina acuminata",2025,2025
"Ophiocordyceps stylophora",2025,2025
"Ophiomyia tiliae",2025,2025
"Orbilia ellipsospora",2025,2025
"Orectoderus arcuatus",2025,2025
"Oreocarya spiculifera",2025,2025
"Oreodytes laevis",2025,2025
"Origanum onites",2025,2025
"Orlaya grandiflora",2025,2025
"Oropus striatus",2025,2025
"Osmia georgica",2025,2025
"Osmia tersula",2025,2025
"Osmoporus odoratus",2025,2025
"Ostearius melanopygius",2025,2025
"Othius punctulatus",2025,2025
"Otiorhynchus crataegi",2025,2025
"Otiorhynchus desertus",2025,2025
"Oudemansia georgia",2025,2025
"Oxalis smalliana",2025,2025
"Oxybelus cressonii",2025,2025
"Oxycephalus clausi",2025,2025
"Ozophora picturata",2025,2025
"Ozyptila distans",2025,2025
"Pachygnatha xanthostoma",2025,2025
"Pagaronia minor",2025,2025
"Pantherophis guttatus",2025,2025
"Pantherophis obsoletus",2025,2025
"Papaipema silphii",2025,2025
"Parabacillus hesperus",2025,2025
"Paracantha gentilis",2025,2025
"Paracladura trichoptera",2025,2025
"Paradamoetas fontanus",2025,2025
"Paragaeumannomyces elegans",2025,2025
"Paragaeumannomyces longisporus",2025,2025
"Paraisaria cascadensis",2025,2025
"Paraisaria gracilis",2025,2025
"Parakontikia ventrolineata",2025,2025
"Paramblopusa borealis",2025,2025
"Paranura colorata",2025,2025
"Parcoblatta virginica",2025,2025
"Paroaria coronata",2025,2025
"Paruephaedria heimerlii",2025,2025
"Paulinella chromatophora",2025,2025
"Pedicia magnifica",2025,2025
"Pella planifer",2025,2025
"Pellenattus shoshonensis",2025,2025
"Peristemma pseudosphaeria",2025,2025
"Peronospora alta",2025,2025
"Peronospora gei",2025,2025
"Persea americana",2025,2025
"Persicaria puritanorum",2025,2025
"Petroneis marina",2025,2025
"Peyronelina glomerulata",2025,2025
"Phacotus lenticularis",2025,2025
"Phacus hispidulus",2025,2025
"Phaenopsectra vittata",2025,2025
"Phaeoplaca thallosa",2025,2025
"Phaonia subventa",2025,2025
"Phengodes fusciceps",2025,2025
"Phiaris septentrionana",2025,2025
"Phigalia denticulata",2025,2025
"Philonthus gracilior",2025,2025
"Philorhizus melanocephalus",2025,2025
"Phloeodes diabolicus",2025,2025
"Pholis fasciata",2025,2025
"Phorcus lineatus",2025,2025
"Phyllachora lespedezae",2025,2025
"Phyllactinia betulae",2025,2025
"Phyllactinia elaeagni",2025,2025
"Phyllactinia holodisci",2025,2025
"Phyllactinia oemleriae",2025,2025
"Phyllactinia orbicularis",2025,2025
"Phyllactinia picridis",2025,2025
"Phyllocolpa bozemani",2025,2025
"Phyllocoptes triacis",2025,2025
"Phyllonorycter lucidicostella",2025,2025
"Phyllophaga crenulata",2025,2025
"Phyllotrox nubifer",2025,2025
"Phylloxera caryaeavellana",2025,2025
"Phymata vicina",2025,2025
"Physarella oblonga",2025,2025
"Physarum ovisporum",2025,2025
"Physcia dimidiata",2025,2025
"Physokermes hemicryphus",2025,2025
"Phytoliriomyza felti",2025,2025
"Phytomyza leptargyreae",2025,2025
"Phytomyza pulsatillae",2025,2025
"Phytoplasma pini",2025,2025
"Picea omorika",2025,2025
"Pigea serrata",2025,2025
"Pikea pinnata",2025,2025
"Pinnotheres taylori",2025,2025
"Pinus parviflora",2025,2025
"Pissonotus niger",2025,2025
"Pithyella chalaudii",2025,2025
"Pithyella hispida",2025,2025
"Placobdella desseri",2025,2025
"Placynthiella icmalea",2025,2025
"Plagiopyla nasuta",2025,2025
"Planocarina marginata",2025,2025
"Plateros bispiculatus",2025,2025
"Platycladus orientalis",2025,2025
"Platynus angustatus",2025,2025
"Platynus indecentis",2025,2025
"Platypalpus discifer",2025,2025
"Platypalpus xanthopodus",2025,2025
"Platypolia contadina",2025,2025
"Pleurothecium recurvatum",2025,2025
"Pluteus cystidiosus",2025,2025
"Pluteus deceptivus",2025,2025
"Plutomurus wilkeyi",2025,2025
"Poa leptocoma",2025,2025
"Poa porsildii",2025,2025
"Podosphaera clandestina",2025,2025
"Podosphaera epilobii",2025,2025
"Podosphaera filipendulae",2025,2025
"Poecilia reticulata",2025,2025
"Poecilobrium chalybeum",2025,2025
"Poecilochirus carabi",2025,2025
"Polia discalis",2025,2025
"Polistes parametricus",2025,2025
"Polygyra cereolus",2025,2025
"Polymerurus rhomboides",2025,2025
"Polymerus basalis",2025,2025
"Polymerus cognatus",2025,2025
"Polynema ornatum",2025,2025
"Polystepha quercifolia",2025,2025
"Pomocellaria varians",2025,2025
"Populicerus aureus",2025,2025
"Populicerus stellaris",2025,2025
"Porcellio laevis",2025,2025
"Poriella subacida",2025,2025
"Portunus sayi",2025,2025
"Potentilla brunnescens",2025,2025
"Potentilla erecta",2025,2025
"Potyvirus citrulli",2025,2025
"Potyvirus phytolaccae",2025,2025
"Potyvirus rapae",2025,2025
"Priacanthus arenatus",2025,2025
"Priocnemis notha",2025,2025
"Profilicollis botulus",2025,2025
"Pronectria echinulata",2025,2025
"Propsilomma columbianum",2025,2025
"Propyxidium tardigradum",2025,2025
"Prosternon fallax",2025,2025
"Proteinus pseudothomasi",2025,2025
"Proteroiulus fuscus",2025,2025
"Protosialis americana",2025,2025
"Prunus pendula",2025,2025
"Pseudoblepharisma tenue",2025,2025
"Pseudoclathrosphaerina evamariae",2025,2025
"Pseudocrossidium obtusulum",2025,2025
"Pseudokephyrion undulitissimum",2025,2025
"Pseudolasiobolus minutissimus",2025,2025
"Pseudolimnophila contempta",2025,2025
"Pseudolimnophila noveboracensis",2025,2025
"Pseudomethoca bequaerti",2025,2025
"Pseudomyrmex gracilis",2025,2025
"Pseudoplectania episphagnum",2025,2025
"Pseudosagitta lyra",2025,2025
"Psilotum nudum",2025,2025
"Pterolonche inspersa",2025,2025
"Pterostichus oblongopunctatus",2025,2025
"Pterostichus oregonus",2025,2025
"Ptychostomum salinum",2025,2025
"Puccinia absinthii",2025,2025
"Puccinia balsamorhizae",2025,2025
"Puccinia comandrae",2025,2025
"Puccinia dioicae",2025,2025
"Puccinia symphoricarpi",2025,2025
"Punctelia reddenda",2025,2025
"Puncturella multistriata",2025,2025
"Punica granatum",2025,2025
"Pycnopsyche limbata",2025,2025
"Pyrausta antisocialis",2025,2025
"Pyrenopeziza atrata",2025,2025
"Pyrrhula pyrrhula",2025,2025
"Quedius fulvicollis",2025,2025
"Quercus coccinea",2025,2025
"Quercus suber",2025,2025
"Rabdophaga cephalanthi",2025,2025
"Radiofilum mesomorphum",2025,2025
"Radula prolifera",2025,2025
"Ramalina almquistii",2025,2025
"Ramalina complanata",2025,2025
"Rhamphomyia leucoptera",2025,2025
"Rhinothrix porculus",2025,2025
"Rhizocybe pruinosa",2025,2025
"Rhizosphaera pini",2025,2025
"Rhodymenia pacifica",2025,2025
"Rhombognathides seahami",2025,2025
"Rhopalomyia lignitubus",2025,2025
"Rickenella mellea",2025,2025
"Ripiphorus americanus",2025,2025
"Ripiphorus californicus",2025,2025
"Rodwayella citrinula",2025,2025
"Rubus arenicola",2025,2025
"Rubus elegantulus",2025,2025
"Rubus heterophyllus",2025,2025
"Rubus recurvans",2025,2025
"Rubus rolfei",2025,2025
"Russula chloroides",2025,2025
"Russula olympiana",2025,2025
"Rutpela maculata",2025,2025
"Sagittaria lancifolia",2025,2025
"Saissetia oleae",2025,2025
"Salix babylonica",2025,2025
"Salix gaspensis",2025,2025
"Salix geyeriana",2025,2025
"Salix integra",2025,2025
"Salvia patens",2025,2025
"Salvia viridis",2025,2025
"Salvia yangii",2025,2025
"Salvinia molesta",2025,2025
"Satyrium curiosolus",2025,2025
"Satyrus rubicundus",2025,2025
"Scalibregma brevicauda",2025,2025
"Scaphoideus ochraceus",2025,2025
"Scathophaga frigida",2025,2025
"Scathophaga nigrolimbata",2025,2025
"Scathophaga obscurinervis",2025,2025
"Scellus exustus",2025,2025
"Schistocerca nitens",2025,2025
"Scoliocentra maculipennis",2025,2025
"Scolopostethus pictus",2025,2025
"Sebastes goodei",2025,2025
"Selandria serva",2025,2025
"Selatosomus aeneus",2025,2025
"Selene vomer",2025,2025
"Selenophorus gagatinus",2025,2025
"Septoria cerastii",2025,2025
"Sesleria autumnalis",2025,2025
"Setophaga graciae",2025,2025
"Sialis hamata",2025,2025
"Sialis hasta",2025,2025
"Sigara omani",2025,2025
"Silusa californica",2025,2025
"Siphloplecton basale",2025,2025
"Sisis rotundus",2025,2025
"Sminthurides plicatus",2025,2025
"Sminthurinus atrapallidus",2025,2025
"Solenostoma crenuliforme",2025,2025
"Sonia constrictana",2025,2025
"Sparassis crispa",2025,2025
"Spelobia bifrons",2025,2025
"Sphaeridia pumilis",2025,2025
"Sphaeridium bipustulatum",2025,2025
"Sphaerocystis schroeteri",2025,2025
"Sphaerulina betulae",2025,2025
"Sphagnum beothuk",2025,2025
"Spinacia oleracea",2025,2025
"Spiraea beauverdiana",2025,2025
"Spirostomum caudatum",2025,2025
"Spirostomum semivirescens",2025,2025
"Spodoptera albula",2025,2025
"Spongomonas intestinalis",2025,2025
"Spongomonas uvella",2025,2025
"Sporoschisma hemipsilum",2025,2025
"Squatinella leydigii",2025,2025
"Stachycoremium parvulum",2025,2025
"Staurastrum hystrix",2025,2025
"Staurastrum polytrichum",2025,2025
"Stenogramma interruptum",2025,2025
"Stenolophus limbalis",2025,2025
"Stephanosphaera pluvialis",2025,2025
"Stratiomys laticeps",2025,2025
"Stratiomys nevadae",2025,2025
"Stropharia melanosperma",2025,2025
"Symphytocarpus amaurochaetoides",2025,2025
"Symphytocarpus herbaticus",2025,2025
"Symphytocarpus macrosporus",2025,2025
"Sympistis lacticollis",2025,2025
"Sympistis parvanigra",2025,2025
"Sympistis simplex",2025,2025
"Sympistis sokar",2025,2025
"Synidotea nebulosa",2025,2025
"Syntormon tricoloripes",2025,2025
"Syringa pubescens",2025,2025
"Tachysphex semirufus",2025,2025
"Tachyta falli",2025,2025
"Tadorna ferruginea",2025,2025
"Tanacetum macrophyllum",2025,2025
"Taphrina bullata",2025,2025
"Taphrina polystichi",2025,2025
"Tapinocyba dietrichi",2025,2025
"Taxodium distichum",2025,2025
"Taylorilygus apicalis",2025,2025
"Telamona collina",2025,2025
"Temnothorax nitens",2025,2025
"Tenellia adspersa",2025,2025
"Tetracladium marchalianum",2025,2025
"Tetrarca boucardi",2025,2025
"Thalassaphorura debilis",2025,2025
"Thalassarachna capuzina",2025,2025
"Thalasselephas testaceus",2025,2025
"Thalassosmittia marina",2025,2025
"Thamiaraea corverae",2025,2025
"Thecesternus affinis",2025,2025
"Thelebolus caninus",2025,2025
"Thelephora botryoides",2025,2025
"Thereva fucatoides",2025,2025
"Thoracochaeta johnsoni",2025,2025
"Thymus pseudolanuginosus",2025,2025
"Thymus serpyllum",2025,2025
"Thyreocoris scarabaeoides",2025,2025
"Tiarella cordifolia",2025,2025
"Tingis ampliata",2025,2025
"Tomentellopsis pulchella",2025,2025
"Toniniopsis bagliettoana",2025,2025
"Toona sinensis",2025,2025
"Torymus azureus",2025,2025
"Torymus vesiculi",2025,2025
"Toumeyella liriodendri",2025,2025
"Trabutia quercina",2025,2025
"Trachinocephalus myops",2025,2025
"Trachymela sloanei",2025,2025
"Tradescantia zebrina",2025,2025
"Trametes villosa",2025,2025
"Trechus quadristriatus",2025,2025
"Triadelphia corticola",2025,2025
"Trialeurodes vaporariorum",2025,2025
"Trichocera regelationis",2025,2025
"Trichoderma deliquescens",2025,2025
"Trichodina pediculus",2025,2025
"Trichoglossum confusum",2025,2025
"Tricholoma platyphyllum",2025,2025
"Tricholoma sapineum",2025,2025
"Trichopsocus dalii",2025,2025
"Tricyrtis hirta",2025,2025
"Trigonium quinquelobatum",2025,2025
"Trillium albidum",2025,2025
"Trillium sessile",2025,2025
"Tringa erythropus",2025,2025
"Triodopsis hopetonensis",2025,2025
"Trioza inversa",2025,2025
"Trissolcus japonicus",2025,2025
"Trogoxylon parallelipipedum",2025,2025
"Trollius chinensis",2025,2025
"Tropidacris cristata",2025,2025
"Tropidoatractus acuminatus",2025,2025
"Tubakia dryina",2025,2025
"Tulipa tarda",2025,2025
"Typhula spathulata",2025,2025
"Uleiota dubia",2025,2025
"Ulidiotites dakotana",2025,2025
"Ulota drummondii",2025,2025
"Ulva rigida",2025,2025
"Unciola irrorata",2025,2025
"Uromyces unitus",2025,2025
"Ustilago residua",2025,2025
"Veronica agrestis",2025,2025
"Veronica alpina",2025,2025
"Viburnum farreri",2025,2025
"Villa agrippina",2025,2025
"Viola calcarata",2025,2025
"Violella fucata",2025,2025
"Vitrina angelicae",2025,2025
"Walckenaeria cornuella",2025,2025
"Wilsoniana portulacae",2025,2025
"Winthemia quadripustulata",2025,2025
"Woronichinia karelica",2025,2025
"Wroughtonia occidentalis",2025,2025
"Wubana drassoides",2025,2025
"Wubana suprema",2025,2025
"Xanthochilus saturnius",2025,2025
"Xanthotype attenuaria",2025,2025
"Xenylla humicola",2025,2025
"Xenylla welchi",2025,2025
"Xylaria filiformis",2025,2025
"Xylechinus americanus",2025,2025
"Xysticus californicus",2025,2025
"Xysticus fraternus",2025,2025
"Xysticus gosiutus",2025,2025
"Zaitzevia parvula",2025,2025
"Zapada haysi",2025,2025
"Zarhipis integripennis",2025,2025
"Zonocyba pomaria",2025,2025
